N,alpha,n_iter,prior_mean,source,v,x_id
1000,0.02,16.0,0.01,SE,0.500024499743053,x
1000,0.02,14.0,0.01,EP,0.4915243011911353,x
1000,0.02,,0.01,mse,0.46304586056752217,x
1000,0.02,,0.01,phase_mse,0.46284230000592025,x
1000,0.04,16.0,0.01,SE,0.5000239805797346,x
1000,0.04,16.0,0.01,EP,0.4966743004302369,x
1000,0.04,,0.01,mse,0.49050744088659065,x
1000,0.04,,0.01,phase_mse,0.4903797465465165,x
1000,0.06,16.0,0.01,SE,0.5000234366678904,x
1000,0.06,16.0,0.01,EP,0.49037295445151835,x
1000,0.06,,0.01,mse,0.472805546438956,x
1000,0.06,,0.01,phase_mse,0.4724864900502605,x
1000,0.08,17.0,0.01,SE,0.5000228523925696,x
1000,0.08,16.0,0.01,EP,0.49690962610061956,x
1000,0.08,,0.01,mse,0.4790062746479551,x
1000,0.08,,0.01,phase_mse,0.4789707980041782,x
1000,0.1,17.0,0.01,SE,0.5000222620427022,x
1000,0.1,17.0,0.01,EP,0.498114774565822,x
1000,0.1,,0.01,mse,0.4874651618551357,x
1000,0.1,,0.01,phase_mse,0.48738293982978537,x
1000,0.12,17.0,0.01,SE,0.5000216402490162,x
1000,0.12,17.0,0.01,EP,0.5000297196894818,x
1000,0.12,,0.01,mse,0.5181265058420798,x
1000,0.12,,0.01,phase_mse,0.518073162364258,x
1000,0.14,17.0,0.01,SE,0.5000209990358055,x
1000,0.14,17.0,0.01,EP,0.49267991471737155,x
1000,0.14,,0.01,mse,0.4928063678418639,x
1000,0.14,,0.01,phase_mse,0.49159959325750596,x
1000,0.16,17.0,0.01,SE,0.5000203225282345,x
1000,0.16,17.0,0.01,EP,0.5000344148686198,x
1000,0.16,,0.01,mse,0.4957704342147273,x
1000,0.16,,0.01,phase_mse,0.49543647164191384,x
1000,0.18,18.0,0.01,SE,0.500019566435434,x
1000,0.18,17.0,0.01,EP,0.4930737907811434,x
1000,0.18,,0.01,mse,0.5215730114273675,x
1000,0.18,,0.01,phase_mse,0.5215706881979995,x
1000,0.2,18.0,0.01,SE,0.5000188335458711,x
1000,0.2,17.0,0.01,EP,0.4946658644362012,x
1000,0.2,,0.01,mse,0.513870991678205,x
1000,0.2,,0.01,phase_mse,0.5133911969554176,x
1000,0.22,18.0,0.01,SE,0.5000180567719983,x
1000,0.22,17.0,0.01,EP,0.49790859973396295,x
1000,0.22,,0.01,mse,0.5194536199087717,x
1000,0.22,,0.01,phase_mse,0.51941021415353,x
1000,0.24,18.0,0.01,SE,0.5000172500860665,x
1000,0.24,18.0,0.01,EP,0.48411509676829184,x
1000,0.24,,0.01,mse,0.4822094467776839,x
1000,0.24,,0.01,phase_mse,0.4817035072673772,x
1000,0.26,19.0,0.01,SE,0.5000163386307331,x
1000,0.26,18.0,0.01,EP,0.5000399150575399,x
1000,0.26,,0.01,mse,0.5271563636080464,x
1000,0.26,,0.01,phase_mse,0.5263005050909104,x
1000,0.28,19.0,0.01,SE,0.5000154089553434,x
1000,0.28,17.0,0.01,EP,0.5000636499579106,x
1000,0.28,,0.01,mse,0.5219044796782548,x
1000,0.28,,0.01,phase_mse,0.5209338819846209,x
1000,0.3,19.0,0.01,SE,0.5000144543694062,x
1000,0.3,45.0,0.01,EP,0.5001544303111238,x
1000,0.3,,0.01,mse,0.5079914573864326,x
1000,0.3,,0.01,phase_mse,0.5079499919164653,x
1000,0.32,20.0,0.01,SE,0.500013339951835,x
1000,0.32,18.0,0.01,EP,0.4951608166837472,x
1000,0.32,,0.01,mse,0.4860087885768739,x
1000,0.32,,0.01,phase_mse,0.48461162505147054,x
1000,0.34,20.0,0.01,SE,0.500012319868543,x
1000,0.34,18.0,0.01,EP,0.5000392373770532,x
1000,0.34,,0.01,mse,0.5190333520162116,x
1000,0.34,,0.01,phase_mse,0.5185361833312498,x
1000,0.36,20.0,0.01,SE,0.5000111274595449,x
1000,0.36,18.0,0.01,EP,0.4711453184653304,x
1000,0.36,,0.01,mse,0.4755141841767719,x
1000,0.36,,0.01,phase_mse,0.47550673444626657,x
1000,0.38,21.0,0.01,SE,0.5000098972087255,x
1000,0.38,21.0,0.01,EP,0.5000613411036711,x
1000,0.38,,0.01,mse,0.48958139967620923,x
1000,0.38,,0.01,phase_mse,0.48730011884323254,x
1000,0.4,21.0,0.01,SE,0.5000086073600495,x
1000,0.4,17.0,0.01,EP,0.46361054094485615,x
1000,0.4,,0.01,mse,0.4795004945001849,x
1000,0.4,,0.01,phase_mse,0.47926061415515653,x
1000,0.42,22.0,0.01,SE,0.5000071680080125,x
1000,0.42,21.0,0.01,EP,0.4906672598719609,x
1000,0.42,,0.01,mse,0.45242967955691554,x
1000,0.42,,0.01,phase_mse,0.4524057777289363,x
1000,0.44,22.0,0.01,SE,0.5000056547126281,x
1000,0.44,48.0,0.01,EP,0.5001533578989678,x
1000,0.44,,0.01,mse,0.5206935264616548,x
1000,0.44,,0.01,phase_mse,0.5181313732774185,x
1000,0.46,23.0,0.01,SE,0.5000040001705278,x
1000,0.46,17.0,0.01,EP,0.5000617541049415,x
1000,0.46,,0.01,mse,0.4859890525278441,x
1000,0.46,,0.01,phase_mse,0.4853574574789808,x
1000,0.48,23.0,0.01,SE,0.5000022869618173,x
1000,0.48,21.0,0.01,EP,0.5000856297860694,x
1000,0.48,,0.01,mse,0.4780223346900249,x
1000,0.48,,0.01,phase_mse,0.4756545796308741,x
1000,0.5,24.0,0.01,SE,0.5000003536772932,x
1000,0.5,18.0,0.01,EP,0.4778853325339271,x
1000,0.5,,0.01,mse,0.46735558769380964,x
1000,0.5,,0.01,phase_mse,0.46622926845240603,x
1000,0.52,24.0,0.01,SE,0.49999827311736195,x
1000,0.52,19.0,0.01,EP,0.4841132078969875,x
1000,0.52,,0.01,mse,0.4862936776188303,x
1000,0.52,,0.01,phase_mse,0.4861092678623959,x
1000,0.54,25.0,0.01,SE,0.49999600114869935,x
1000,0.54,60.0,0.01,EP,0.5097943408582993,x
1000,0.54,,0.01,mse,0.544641729054837,x
1000,0.54,,0.01,phase_mse,0.5442237949488954,x
1000,0.56,26.0,0.01,SE,0.49999358103707375,x
1000,0.56,18.0,0.01,EP,0.48671822089216016,x
1000,0.56,,0.01,mse,0.4874399775660352,x
1000,0.56,,0.01,phase_mse,0.4862034793373803,x
1000,0.58,27.0,0.01,SE,0.49999085694578704,x
1000,0.58,32.0,0.01,EP,0.4763509374390109,x
1000,0.58,,0.01,mse,0.4829106615059693,x
1000,0.58,,0.01,phase_mse,0.47990245969965134,x
1000,0.6,27.0,0.01,SE,0.49998830544444883,x
1000,0.6,18.0,0.01,EP,0.4619367221530427,x
1000,0.6,,0.01,mse,0.4587086628949929,x
1000,0.6,,0.01,phase_mse,0.45721443336806084,x
1000,0.62,28.0,0.01,SE,0.49998509677742675,x
1000,0.62,21.0,0.01,EP,0.5000580188833297,x
1000,0.62,,0.01,mse,0.5071510006696881,x
1000,0.62,,0.01,phase_mse,0.5063958616385295,x
1000,0.64,30.0,0.01,SE,0.49998115101150814,x
1000,0.64,26.0,0.01,EP,0.48806544520345313,x
1000,0.64,,0.01,mse,0.4522588445418501,x
1000,0.64,,0.01,phase_mse,0.4516464427395554,x
1000,0.66,31.0,0.01,SE,0.49997685371816797,x
1000,0.66,69.0,0.01,EP,0.5035605646125648,x
1000,0.66,,0.01,mse,0.49629859194939957,x
1000,0.66,,0.01,phase_mse,0.49315340662597057,x
1000,0.68,32.0,0.01,SE,0.4999726584957523,x
1000,0.68,25.0,0.01,EP,0.4785420906845897,x
1000,0.68,,0.01,mse,0.48320295614268094,x
1000,0.68,,0.01,phase_mse,0.4818483700445596,x
1000,0.7000000000000001,34.0,0.01,SE,0.4999676857935588,x
1000,0.7000000000000001,29.0,0.01,EP,0.49971809856802074,x
1000,0.7000000000000001,,0.01,mse,0.48927000541153043,x
1000,0.7000000000000001,,0.01,phase_mse,0.4888015591309935,x
1000,0.72,36.0,0.01,SE,0.49996133194003983,x
1000,0.72,73.0,0.01,EP,0.501865067324909,x
1000,0.72,,0.01,mse,0.5121195111805498,x
1000,0.72,,0.01,phase_mse,0.5067311118563904,x
1000,0.74,38.0,0.01,SE,0.4999543835577993,x
1000,0.74,62.0,0.01,EP,0.5004532476679193,x
1000,0.74,,0.01,mse,0.4879125263828917,x
1000,0.74,,0.01,phase_mse,0.4874474402981277,x
1000,0.76,39.0,0.01,SE,0.49994833870141187,x
1000,0.76,15.0,0.01,EP,0.48452031775116794,x
1000,0.76,,0.01,mse,0.4942997216948389,x
1000,0.76,,0.01,phase_mse,0.49233917982062053,x
1000,0.78,43.0,0.01,SE,0.4999370806786637,x
1000,0.78,18.0,0.01,EP,0.4912794769797998,x
1000,0.78,,0.01,mse,0.5233297061314902,x
1000,0.78,,0.01,phase_mse,0.5222529976687659,x
1000,0.8,46.0,0.01,SE,0.49992635120399936,x
1000,0.8,18.0,0.01,EP,0.47264760148240703,x
1000,0.8,,0.01,mse,0.47644648969186415,x
1000,0.8,,0.01,phase_mse,0.4755703597818447,x
1000,0.8200000000000001,50.0,0.01,SE,0.4999133575825432,x
1000,0.8200000000000001,24.0,0.01,EP,0.500204619721605,x
1000,0.8200000000000001,,0.01,mse,0.5154655871676268,x
1000,0.8200000000000001,,0.01,phase_mse,0.5136294011381629,x
1000,0.84,55.0,0.01,SE,0.499896746561712,x
1000,0.84,33.0,0.01,EP,0.4885039619428352,x
1000,0.84,,0.01,mse,0.5190808076011187,x
1000,0.84,,0.01,phase_mse,0.517964828908857,x
1000,0.86,61.0,0.01,SE,0.4998751495282946,x
1000,0.86,118.0,0.01,EP,0.5070492128776999,x
1000,0.86,,0.01,mse,0.5198304718148915,x
1000,0.86,,0.01,phase_mse,0.4890866697004002,x
1000,0.88,71.0,0.01,SE,0.4998421476957399,x
1000,0.88,29.0,0.01,EP,0.49728072741680945,x
1000,0.88,,0.01,mse,0.5074818126114102,x
1000,0.88,,0.01,phase_mse,0.5074808702592842,x
1000,0.9,81.0,0.01,SE,0.49980849328414556,x
1000,0.9,200.0,0.01,EP,0.500310997002593,x
1000,0.9,,0.01,mse,0.48803208337984577,x
1000,0.9,,0.01,phase_mse,0.4870346782622137,x
1000,0.92,99.0,0.01,SE,0.4997484097379253,x
1000,0.92,105.0,0.01,EP,0.5091370366132553,x
1000,0.92,,0.01,mse,0.541565922786775,x
1000,0.92,,0.01,phase_mse,0.5245620374885414,x
1000,0.9400000000000001,128.0,0.01,SE,0.4996476570733447,x
1000,0.9400000000000001,200.0,0.01,EP,0.4898040992324286,x
1000,0.9400000000000001,,0.01,mse,0.49601872644522244,x
1000,0.9400000000000001,,0.01,phase_mse,0.4959229771724695,x
1000,0.96,178.0,0.01,SE,0.4994675669239157,x
1000,0.96,200.0,0.01,EP,0.5047296129405365,x
1000,0.96,,0.01,mse,0.5332792938622543,x
1000,0.96,,0.01,phase_mse,0.5086753466218848,x
1000,0.98,200.0,0.01,SE,0.49920969058247905,x
1000,0.98,120.0,0.01,EP,0.49676652026740936,x
1000,0.98,,0.01,mse,0.49927581292445883,x
1000,0.98,,0.01,phase_mse,0.49460186945427576,x
1000,1.0,200.0,0.01,SE,0.4984180327118886,x
1000,1.0,200.0,0.01,EP,0.5096884293349345,x
1000,1.0,,0.01,mse,0.4638612086398417,x
1000,1.0,,0.01,phase_mse,0.46385061016711504,x
1000,1.02,200.0,0.01,SE,0.49648995205382174,x
1000,1.02,200.0,0.01,EP,0.49152371921528065,x
1000,1.02,,0.01,mse,0.6352468784025368,x
1000,1.02,,0.01,phase_mse,0.4745721833291534,x
1000,1.04,200.0,0.01,SE,0.4933267181036281,x
1000,1.04,200.0,0.01,EP,0.491127703937407,x
1000,1.04,,0.01,mse,0.5360542401944491,x
1000,1.04,,0.01,phase_mse,0.4901539024296417,x
1000,1.06,200.0,0.01,SE,0.4886792156813329,x
1000,1.06,117.0,0.01,EP,0.4800042959039955,x
1000,1.06,,0.01,mse,0.508373885286031,x
1000,1.06,,0.01,phase_mse,0.45921146660699047,x
1000,1.08,200.0,0.01,SE,0.4848831420183324,x
1000,1.08,200.0,0.01,EP,0.501153515498793,x
1000,1.08,,0.01,mse,0.5039406960827586,x
1000,1.08,,0.01,phase_mse,0.492735011535101,x
1000,1.1,200.0,0.01,SE,0.48042667928017063,x
1000,1.1,200.0,0.01,EP,0.48296043562082047,x
1000,1.1,,0.01,mse,0.5049520415304057,x
1000,1.1,,0.01,phase_mse,0.45330895265906473,x
1000,1.12,200.0,0.01,SE,0.4758969516440939,x
1000,1.12,200.0,0.01,EP,0.5077469261232032,x
1000,1.12,,0.01,mse,0.5532433772709063,x
1000,1.12,,0.01,phase_mse,0.5305053898720062,x
1000,1.1400000000000001,200.0,0.01,SE,0.4706161643402348,x
1000,1.1400000000000001,200.0,0.01,EP,0.4597147670978764,x
1000,1.1400000000000001,,0.01,mse,0.5055080193705547,x
1000,1.1400000000000001,,0.01,phase_mse,0.48349356206429683,x
1000,1.16,200.0,0.01,SE,0.46553969764281156,x
1000,1.16,144.0,0.01,EP,0.4465360494012996,x
1000,1.16,,0.01,mse,0.47766578381361796,x
1000,1.16,,0.01,phase_mse,0.43260551834475075,x
1000,1.18,200.0,0.01,SE,0.45993483644690664,x
1000,1.18,200.0,0.01,EP,0.4401166122771397,x
1000,1.18,,0.01,mse,0.5541004516967992,x
1000,1.18,,0.01,phase_mse,0.4157917194538363,x
1000,1.2,200.0,0.01,SE,0.45433051591413903,x
1000,1.2,200.0,0.01,EP,0.48593383107538707,x
1000,1.2,,0.01,mse,0.5966672006539523,x
1000,1.2,,0.01,phase_mse,0.47011450554848067,x
1000,1.22,200.0,0.01,SE,0.44735543178381487,x
1000,1.22,200.0,0.01,EP,0.4553393853730776,x
1000,1.22,,0.01,mse,0.68026782079336,x
1000,1.22,,0.01,phase_mse,0.45249088215665123,x
1000,1.24,196.0,0.01,SE,0.44164994731439683,x
1000,1.24,200.0,0.01,EP,0.46248749203281986,x
1000,1.24,,0.01,mse,0.5663802034207647,x
1000,1.24,,0.01,phase_mse,0.44979463996948144,x
1000,1.26,193.0,0.01,SE,0.4356353860595594,x
1000,1.26,90.0,0.01,EP,0.4378327855031737,x
1000,1.26,,0.01,mse,0.7499031702758712,x
1000,1.26,,0.01,phase_mse,0.42660918451710156,x
1000,1.28,189.0,0.01,SE,0.42736934247143327,x
1000,1.28,200.0,0.01,EP,0.4162184886634222,x
1000,1.28,,0.01,mse,0.5749955037616915,x
1000,1.28,,0.01,phase_mse,0.3958162056494211,x
1000,1.3,187.0,0.01,SE,0.4190093215860024,x
1000,1.3,200.0,0.01,EP,0.4624255932411287,x
1000,1.3,,0.01,mse,0.731889347942926,x
1000,1.3,,0.01,phase_mse,0.44853342135864727,x
1000,1.32,186.0,0.01,SE,0.4110052970437715,x
1000,1.32,200.0,0.01,EP,0.4604671358618122,x
1000,1.32,,0.01,mse,0.5915569604090948,x
1000,1.32,,0.01,phase_mse,0.5161091704849925,x
1000,1.34,186.0,0.01,SE,0.40207429264079336,x
1000,1.34,200.0,0.01,EP,0.3851836444682637,x
1000,1.34,,0.01,mse,0.8330143930385983,x
1000,1.34,,0.01,phase_mse,0.3639874240236724,x
1000,1.36,186.0,0.01,SE,0.3925311758557186,x
1000,1.36,107.0,0.01,EP,0.3202940181815809,x
1000,1.36,,0.01,mse,0.3896902202657107,x
1000,1.36,,0.01,phase_mse,0.3835858804022603,x
1000,1.3800000000000001,188.0,0.01,SE,0.38181304744343736,x
1000,1.3800000000000001,155.0,0.01,EP,0.3356488552033715,x
1000,1.3800000000000001,,0.01,mse,0.5936900669661157,x
1000,1.3800000000000001,,0.01,phase_mse,0.3396999591833405,x
1000,1.4000000000000001,190.0,0.01,SE,0.3709935546317831,x
1000,1.4000000000000001,200.0,0.01,EP,0.4148278673193984,x
1000,1.4000000000000001,,0.01,mse,0.5309061374937076,x
1000,1.4000000000000001,,0.01,phase_mse,0.4328213267954534,x
1000,1.42,193.0,0.01,SE,0.35970209725977303,x
1000,1.42,128.0,0.01,EP,0.3509983798781304,x
1000,1.42,,0.01,mse,0.9657972473764456,x
1000,1.42,,0.01,phase_mse,0.3559486992348618,x
1000,1.44,198.0,0.01,SE,0.34642143545689974,x
1000,1.44,200.0,0.01,EP,0.3583094443920154,x
1000,1.44,,0.01,mse,1.1961280114745176,x
1000,1.44,,0.01,phase_mse,0.3405631319261185,x
1000,1.46,200.0,0.01,SE,0.3324386560922988,x
1000,1.46,200.0,0.01,EP,0.3623700494914591,x
1000,1.46,,0.01,mse,0.7968038040295445,x
1000,1.46,,0.01,phase_mse,0.4533456813884524,x
1000,1.48,200.0,0.01,SE,0.31547851280047556,x
1000,1.48,157.0,0.01,EP,0.34152135575848114,x
1000,1.48,,0.01,mse,0.35627331444743526,x
1000,1.48,,0.01,phase_mse,0.35627331444743526,x
1000,1.5,200.0,0.01,SE,0.2991275321254215,x
1000,1.5,200.0,0.01,EP,0.36537393509875554,x
1000,1.5,,0.01,mse,0.785439622434712,x
1000,1.5,,0.01,phase_mse,0.5507123018938062,x
1000,1.52,200.0,0.01,SE,0.27944609417867505,x
1000,1.52,129.0,0.01,EP,0.337720702136062,x
1000,1.52,,0.01,mse,0.3308552257820677,x
1000,1.52,,0.01,phase_mse,0.330042474437918,x
1000,1.54,200.0,0.01,SE,0.2576455622533013,x
1000,1.54,200.0,0.01,EP,0.4184614776457537,x
1000,1.54,,0.01,mse,0.45844239301141676,x
1000,1.54,,0.01,phase_mse,0.4582734256275313,x
1000,1.56,200.0,0.01,SE,0.23062673715330087,x
1000,1.56,200.0,0.01,EP,0.3907746715574747,x
1000,1.56,,0.01,mse,0.9653474960547231,x
1000,1.56,,0.01,phase_mse,0.43521709610545256,x
1000,1.58,200.0,0.01,SE,0.19659396352514702,x
1000,1.58,200.0,0.01,EP,0.2686520177477196,x
1000,1.58,,0.01,mse,1.0395029153472846,x
1000,1.58,,0.01,phase_mse,0.3098839526997027,x
1000,1.6,200.0,0.01,SE,0.13449357992034525,x
1000,1.6,200.0,0.01,EP,0.22004785660957163,x
1000,1.6,,0.01,mse,1.1868201006652461,x
1000,1.6,,0.01,phase_mse,0.2123954891180392,x
1000,1.62,200.0,0.01,SE,0.01050961717053472,x
1000,1.62,187.0,0.01,EP,1.930184971333888e-06,x
1000,1.62,,0.01,mse,2.057155933057865,x
1000,1.62,,0.01,phase_mse,0.0005164887917892125,x
1000,1.6400000000000001,191.0,0.01,SE,1.2883937283988351e-06,x
1000,1.6400000000000001,200.0,0.01,EP,0.00023991862141426303,x
1000,1.6400000000000001,,0.01,mse,0.00016878714474933648,x
1000,1.6400000000000001,,0.01,phase_mse,0.00016878714474933648,x
1000,1.6600000000000001,165.0,0.01,SE,1.7521183566154114e-06,x
1000,1.6600000000000001,120.0,0.01,EP,1.0763585077081074e-06,x
1000,1.6600000000000001,,0.01,mse,6.620075769598267e-07,x
1000,1.6600000000000001,,0.01,phase_mse,6.620075769598267e-07,x
1000,1.68,150.0,0.01,SE,1.2530650997770964e-06,x
1000,1.68,113.0,0.01,EP,1.3562381261282195e-06,x
1000,1.68,,0.01,mse,6.947609985295496e-07,x
1000,1.68,,0.01,phase_mse,6.947609985295496e-07,x
1000,1.7,138.0,0.01,SE,1.3189350517202497e-06,x
1000,1.7,102.0,0.01,EP,1.223661116680814e-06,x
1000,1.7,,0.01,mse,0.9798863622053002,x
1000,1.7,,0.01,phase_mse,0.00012411773154779655,x
1000,1.72,128.0,0.01,SE,1.4069648469393612e-06,x
1000,1.72,97.0,0.01,EP,9.009682267940883e-07,x
1000,1.72,,0.01,mse,1.0212333579387924,x
1000,1.72,,0.01,phase_mse,0.00012851765248032138,x
1000,1.74,121.0,0.01,SE,1.082020823579422e-06,x
1000,1.74,200.0,0.01,EP,0.00033159771864153337,x
1000,1.74,,0.01,mse,0.9607598304105347,x
1000,1.74,,0.01,phase_mse,0.0003261189696633957,x
1000,1.76,115.0,0.01,SE,1.0430345549928865e-06,x
1000,1.76,127.0,0.01,EP,1.0376789629367388e-06,x
1000,1.76,,0.01,mse,3.732877042727196e-07,x
1000,1.76,,0.01,phase_mse,3.732877042727196e-07,x
1000,1.78,109.0,0.01,SE,1.3636610519037511e-06,x
1000,1.78,90.0,0.01,EP,1.3622566593578128e-06,x
1000,1.78,,0.01,mse,6.256915497600158e-07,x
1000,1.78,,0.01,phase_mse,6.256915497599985e-07,x
1000,1.8,105.0,0.01,SE,9.867296165931254e-07,x
1000,1.8,83.0,0.01,EP,1.070364982481078e-06,x
1000,1.8,,0.01,mse,2.083258581576768,x
1000,1.8,,0.01,phase_mse,0.0005244094226611282,x
1000,1.82,101.0,0.01,SE,1.0177649835203685e-06,x
1000,1.82,76.0,0.01,EP,1.077630641414774e-06,x
1000,1.82,,0.01,mse,3.5184890781137447e-07,x
1000,1.82,,0.01,phase_mse,3.5184890781137447e-07,x
1000,1.84,97.0,0.01,SE,1.1561543897440296e-06,x
1000,1.84,77.0,0.01,EP,8.066073830369872e-07,x
1000,1.84,,0.01,mse,1.0687458834743795,x
1000,1.84,,0.01,phase_mse,0.00013400667347655473,x
1000,1.86,94.0,0.01,SE,9.847706104694432e-07,x
1000,1.86,64.0,0.01,EP,8.164245649242204e-07,x
1000,1.86,,0.01,mse,1.0184208928612937,x
1000,1.86,,0.01,phase_mse,0.00012777190599697156,x
1000,1.8800000000000001,91.0,0.01,SE,1.0384715420315236e-06,x
1000,1.8800000000000001,66.0,0.01,EP,8.811178506479275e-07,x
1000,1.8800000000000001,,0.01,mse,2.037162143526404,x
1000,1.8800000000000001,,0.01,phase_mse,0.0005124325672411476,x
1000,1.9000000000000001,89.0,0.01,SE,7.14251921510724e-07,x
1000,1.9000000000000001,68.0,0.01,EP,1.0395286918133888e-06,x
1000,1.9000000000000001,,0.01,mse,1.0631634095860427,x
1000,1.9000000000000001,,0.01,phase_mse,0.0001349311381604833,x
1000,1.92,86.0,0.01,SE,9.629403054131123e-07,x
1000,1.92,66.0,0.01,EP,7.620745139660709e-07,x
1000,1.92,,0.01,mse,1.0587369819006007,x
1000,1.92,,0.01,phase_mse,0.00013413812786642495,x
1000,1.94,84.0,0.01,SE,8.010766782501307e-07,x
1000,1.94,102.0,0.01,EP,5.1712464059676846e-06,x
1000,1.94,,0.01,mse,0.000363803671798974,x
1000,1.94,,0.01,phase_mse,0.000363803671798974,x
1000,1.96,82.0,0.01,SE,7.888091699739282e-07,x
1000,1.96,60.0,0.01,EP,7.481465569646722e-07,x
1000,1.96,,0.01,mse,0.9861117744735566,x
1000,1.96,,0.01,phase_mse,0.0001200549736162001,x
1000,1.98,80.0,0.01,SE,7.815574560662319e-07,x
1000,1.98,52.0,0.01,EP,7.71605003500266e-07,x
1000,1.98,,0.01,mse,2.3136129201119296e-07,x
1000,1.98,,0.01,phase_mse,2.313612920111657e-07,x
1000,2.0,78.0,0.01,SE,8.777788100145097e-07,x
1000,2.0,57.0,0.01,EP,6.011748710348455e-07,x
1000,2.0,,0.01,mse,2.239919779846938e-07,x
1000,2.0,,0.01,phase_mse,2.2399197798468626e-07,x
1000,2.02,77.0,0.01,SE,6.09993958337151e-07,x
1000,2.02,56.0,0.01,EP,7.277374482674827e-07,x
1000,2.02,,0.01,mse,1.903961567722695,x
1000,2.02,,0.01,phase_mse,0.0004782458153510776,x
1000,2.04,75.0,0.01,SE,7.470277566918099e-07,x
1000,2.04,71.0,0.01,EP,1.2764581252663974e-06,x
1000,2.04,,0.01,mse,1.013609843336411,x
1000,2.04,,0.01,phase_mse,0.0001612566673930099,x
1000,2.06,74.0,0.01,SE,5.739232088633008e-07,x
1000,2.06,101.0,0.01,EP,2.523866548266615e-06,x
1000,2.06,,0.01,mse,0.3341718984543483,x
1000,2.06,,0.01,phase_mse,0.00030334440587892274,x
1000,2.08,72.0,0.01,SE,7.787114925187974e-07,x
1000,2.08,46.0,0.01,EP,6.763017244792697e-07,x
1000,2.08,,0.01,mse,0.9654626982976379,x
1000,2.08,,0.01,phase_mse,0.00012241568721688508,x
1000,2.1,71.0,0.01,SE,6.783775637861777e-07,x
1000,2.1,91.0,0.01,EP,2.09375246004374e-06,x
1000,2.1,,0.01,mse,0.792529916541033,x
1000,2.1,,0.01,phase_mse,0.00017944950774228738,x
1000,2.12,70.0,0.01,SE,5.650022309551004e-07,x
1000,2.12,53.0,0.01,EP,8.361840981922455e-07,x
1000,2.12,,0.01,mse,1.013824669059212,x
1000,2.12,,0.01,phase_mse,0.0001332804254136077,x
1000,2.14,69.0,0.01,SE,5.081932153391011e-07,x
1000,2.14,79.0,0.01,EP,7.833629326488444e-07,x
1000,2.14,,0.01,mse,0.9722416987505849,x
1000,2.14,,0.01,phase_mse,0.00012120476745100208,x
1000,2.16,68.0,0.01,SE,4.586589160508286e-07,x
1000,2.16,42.0,0.01,EP,6.092378657671802e-07,x
1000,2.16,,0.01,mse,1.0174143981215849,x
1000,2.16,,0.01,phase_mse,0.0001295793428300168,x
1000,2.18,67.0,0.01,SE,4.3432850604186014e-07,x
1000,2.18,60.0,0.01,EP,2.0718800233201074e-06,x
1000,2.18,,0.01,mse,1.04163792110749,x
1000,2.18,,0.01,phase_mse,0.00025794886750454463,x
1000,2.2,66.0,0.01,SE,4.42810441295503e-07,x
1000,2.2,48.0,0.01,EP,4.374899627474596e-07,x
1000,2.2,,0.01,mse,1.5433281576593497e-07,x
1000,2.2,,0.01,phase_mse,1.5433281576592353e-07,x
1000,2.22,65.0,0.01,SE,4.4378948825853174e-07,x
1000,2.22,64.0,0.01,EP,1.6376936565925632e-06,x
1000,2.22,,0.01,mse,1.8757198158753663,x
1000,2.22,,0.01,phase_mse,0.0003171730707572328,x
1000,2.24,64.0,0.01,SE,4.529416629822982e-07,x
1000,2.24,51.0,0.01,EP,4.098026162036644e-07,x
1000,2.24,,0.01,mse,2.11459572351872,x
1000,2.24,,0.01,phase_mse,0.0005306273471624149,x
1000,2.2600000000000002,63.0,0.01,SE,4.796195592362615e-07,x
1000,2.2600000000000002,42.0,0.01,EP,4.120853964883951e-07,x
1000,2.2600000000000002,,0.01,mse,0.9773194872484474,x
1000,2.2600000000000002,,0.01,phase_mse,0.00012456529908030784,x
1000,2.2800000000000002,62.0,0.01,SE,5.358958301824018e-07,x
1000,2.2800000000000002,44.0,0.01,EP,5.57859067836552e-07,x
1000,2.2800000000000002,,0.01,mse,0.9099695207808829,x
1000,2.2800000000000002,,0.01,phase_mse,0.00011016533214163426,x
1000,2.3000000000000003,61.0,0.01,SE,5.818803916103047e-07,x
1000,2.3000000000000003,60.0,0.01,EP,1.2725480896887711e-06,x
1000,2.3000000000000003,,0.01,mse,0.809307896540145,x
1000,2.3000000000000003,,0.01,phase_mse,9.195808696256537e-05,x
1000,2.32,61.0,0.01,SE,3.5238366450803627e-07,x
1000,2.32,43.0,0.01,EP,4.77179232251264e-07,x
1000,2.32,,0.01,mse,1.266613013737623e-07,x
1000,2.32,,0.01,phase_mse,1.266613013737623e-07,x
1000,2.34,60.0,0.01,SE,4.173680402745726e-07,x
1000,2.34,47.0,0.01,EP,1.202388917350955e-06,x
1000,2.34,,0.01,mse,1.0332392837423148,x
1000,2.34,,0.01,phase_mse,0.00017374482879213492,x
1000,2.36,59.0,0.01,SE,5.017152877136553e-07,x
1000,2.36,58.0,0.01,EP,1.0590604180796738e-06,x
1000,2.36,,0.01,mse,1.7949373180492798,x
1000,2.36,,0.01,phase_mse,5.050044116587178e-05,x
1000,2.38,58.0,0.01,SE,5.841716018283956e-07,x
1000,2.38,62.0,0.01,EP,1.4064202243441132e-06,x
1000,2.38,,0.01,mse,1.796238544283649,x
1000,2.38,,0.01,phase_mse,0.0004291636429964692,x
1000,2.4,58.0,0.01,SE,3.8162896732956625e-07,x
1000,2.4,44.0,0.01,EP,1.00155493565738e-06,x
1000,2.4,,0.01,mse,1.0343955919568328,x
1000,2.4,,0.01,phase_mse,0.00016699166661358927,x
1000,2.42,57.0,0.01,SE,4.856860094634457e-07,x
1000,2.42,48.0,0.01,EP,1.2310496942466674e-06,x
1000,2.42,,0.01,mse,1.9367764141575667,x
1000,2.42,,0.01,phase_mse,5.998267860683578e-05,x
1000,2.44,57.0,0.01,SE,3.0946578630182726e-07,x
1000,2.44,38.0,0.01,EP,3.978145674608055e-07,x
1000,2.44,,0.01,mse,2.0239990645073966,x
1000,2.44,,0.01,phase_mse,0.0005066744319768481,x
1000,2.46,56.0,0.01,SE,4.026565534361847e-07,x
1000,2.46,54.0,0.01,EP,8.714570457690186e-07,x
1000,2.46,,0.01,mse,1.0503400518556743,x
1000,2.46,,0.01,phase_mse,7.835550390416383e-05,x
1000,2.48,55.0,0.01,SE,5.377687987721318e-07,x
1000,2.48,52.0,0.01,EP,1.0378265782003033e-06,x
1000,2.48,,0.01,mse,0.20104048503802063,x
1000,2.48,,0.01,phase_mse,0.0002962290421533371,x
1000,2.5,55.0,0.01,SE,3.685276208910592e-07,x
1000,2.5,52.0,0.01,EP,7.560111066048819e-07,x
1000,2.5,,0.01,mse,2.0886922340139575,x
1000,2.5,,0.01,phase_mse,0.0001437105194453543,x
1000,2.52,54.0,0.01,SE,4.962690790747207e-07,x
1000,2.52,40.0,0.01,EP,8.842317753994886e-07,x
1000,2.52,,0.01,mse,1.023185840209928,x
1000,2.52,,0.01,phase_mse,5.968471119702347e-05,x
1000,2.54,54.0,0.01,SE,3.4074684956122125e-07,x
1000,2.54,37.0,0.01,EP,2.6813778144499777e-07,x
1000,2.54,,0.01,mse,0.9038105208108702,x
1000,2.54,,0.01,phase_mse,0.00010988425301523114,x
1000,2.56,53.0,0.01,SE,4.829568081639082e-07,x
1000,2.56,46.0,0.01,EP,7.462034942020613e-07,x
1000,2.56,,0.01,mse,0.21156498392458906,x
1000,2.56,,0.01,phase_mse,0.00022269377575213467,x
1000,2.58,53.0,0.01,SE,3.344733227077142e-07,x
1000,2.58,44.0,0.01,EP,9.006030085083963e-07,x
1000,2.58,,0.01,mse,0.40325948066830025,x
1000,2.58,,0.01,phase_mse,2.687971899119962e-06,x
1000,2.6,53.0,0.01,SE,2.3434541982729648e-07,x
1000,2.6,47.0,0.01,EP,6.389833830420274e-07,x
1000,2.6,,0.01,mse,1.1228521273766487,x
1000,2.6,,0.01,phase_mse,0.00020843193048924167,x
1000,2.62,52.0,0.01,SE,3.4773492118953724e-07,x
1000,2.62,39.0,0.01,EP,5.871351934036513e-07,x
1000,2.62,,0.01,mse,0.8448951766276793,x
1000,2.62,,0.01,phase_mse,7.869318902165963e-06,x
1000,2.64,52.0,0.01,SE,2.453911566631135e-07,x
1000,2.64,33.0,0.01,EP,3.462633294522311e-07,x
1000,2.64,,0.01,mse,0.9328176843460795,x
1000,2.64,,0.01,phase_mse,0.00011502460832714148,x
1000,2.66,51.0,0.01,SE,3.6803495054120773e-07,x
1000,2.66,41.0,0.01,EP,6.733525489182645e-07,x
1000,2.66,,0.01,mse,1.2381980090950842,x
1000,2.66,,0.01,phase_mse,0.0004795597821469735,x
1000,2.68,51.0,0.01,SE,2.659059052756212e-07,x
1000,2.68,42.0,0.01,EP,5.676407759471365e-07,x
1000,2.68,,0.01,mse,0.08421848201639132,x
1000,2.68,,0.01,phase_mse,0.00019822364941248606,x
1000,2.7,50.0,0.01,SE,4.124396920365178e-07,x
1000,2.7,37.0,0.01,EP,3.63632703619726e-07,x
1000,2.7,,0.01,mse,2.023076073032454,x
1000,2.7,,0.01,phase_mse,0.0004565852802208067,x
1000,2.72,50.0,0.01,SE,3.0059705345454925e-07,x
1000,2.72,36.0,0.01,EP,2.6544205897259735e-07,x
1000,2.72,,0.01,mse,3.934992014247466e-07,x
1000,2.72,,0.01,phase_mse,3.934992014246037e-07,x
1000,2.74,50.0,0.01,SE,2.1954610974146493e-07,x
1000,2.74,39.0,0.01,EP,5.343031848363685e-07,x
1000,2.74,,0.01,mse,3.9467512834059764e-05,x
1000,2.74,,0.01,phase_mse,3.9467512834057664e-05,x
1000,2.7600000000000002,49.0,0.01,SE,3.586203522485998e-07,x
1000,2.7600000000000002,31.0,0.01,EP,3.111869683539574e-07,x
1000,2.7600000000000002,,0.01,mse,1.9455871039294816,x
1000,2.7600000000000002,,0.01,phase_mse,0.00048230105814883517,x
1000,2.7800000000000002,49.0,0.01,SE,2.628023098606865e-07,x
1000,2.7800000000000002,40.0,0.01,EP,5.18892046585948e-07,x
1000,2.7800000000000002,,0.01,mse,1.59527102942279,x
1000,2.7800000000000002,,0.01,phase_mse,0.00021847581119760167,x
1000,2.8000000000000003,49.0,0.01,SE,1.9482285389833383e-07,x
1000,2.8000000000000003,40.0,0.01,EP,4.993848880735996e-07,x
1000,2.8000000000000003,,0.01,mse,0.30596045494823554,x
1000,2.8000000000000003,,0.01,phase_mse,1.5142359347615143e-05,x
1000,2.82,48.0,0.01,SE,3.3036722493359633e-07,x
1000,2.82,40.0,0.01,EP,5.595154992591706e-07,x
1000,2.82,,0.01,mse,0.36271253295343375,x
1000,2.82,,0.01,phase_mse,3.398758827067722e-05,x
1000,2.84,48.0,0.01,SE,2.455237129375938e-07,x
1000,2.84,38.0,0.01,EP,6.148636449667915e-07,x
1000,2.84,,0.01,mse,0.07212234351563078,x
1000,2.84,,0.01,phase_mse,4.164916720047958e-05,x
1000,2.86,48.0,0.01,SE,1.8543730227427626e-07,x
1000,2.86,37.0,0.01,EP,5.928462583047323e-07,x
1000,2.86,,0.01,mse,1.531550587040542,x
1000,2.86,,0.01,phase_mse,7.583697286743915e-05,x
1000,2.88,47.0,0.01,SE,3.208458824398256e-07,x
1000,2.88,39.0,0.01,EP,5.987100926845784e-07,x
1000,2.88,,0.01,mse,0.7071760503456294,x
1000,2.88,,0.01,phase_mse,0.00022608899563016487,x
1000,2.9,47.0,0.01,SE,2.437627849605719e-07,x
1000,2.9,31.0,0.01,EP,2.4439945751222203e-07,x
1000,2.9,,0.01,mse,0.9437566626978564,x
1000,2.9,,0.01,phase_mse,0.00013406788312030616,x
1000,2.92,47.0,0.01,SE,1.8555072754008253e-07,x
1000,2.92,32.0,0.01,EP,6.621697691493582e-07,x
1000,2.92,,0.01,mse,0.009231596130200845,x
1000,2.92,,0.01,phase_mse,3.73541509944745e-05,x
1000,2.94,46.0,0.01,SE,3.3836485168397105e-07,x
1000,2.94,35.0,0.01,EP,4.257567811317992e-07,x
1000,2.94,,0.01,mse,0.12975771724199545,x
1000,2.94,,0.01,phase_mse,1.942016910821834e-06,x
1000,2.96,46.0,0.01,SE,2.561085566694905e-07,x
1000,2.96,33.0,0.01,EP,5.80646848597679e-07,x
1000,2.96,,0.01,mse,0.830705092011394,x
1000,2.96,,0.01,phase_mse,2.3539969466996877e-05,x
1000,2.98,46.0,0.01,SE,2.0022331148951593e-07,x
1000,2.98,37.0,0.01,EP,6.386579835743429e-07,x
1000,2.98,,0.01,mse,0.6673677809566304,x
1000,2.98,,0.01,phase_mse,7.950792285829342e-06,x
1000,3.0,46.0,0.01,SE,1.5395537735235935e-07,x
1000,3.0,36.0,0.01,EP,3.6521342067034065e-07,x
1000,3.0,,0.01,mse,1.5488841268890576,x
1000,3.0,,0.01,phase_mse,7.840187736026761e-06,x
1000,0.02,17.0,0.1,SE,0.5024500081766384,x
1000,0.02,14.0,0.1,EP,0.49519657261897565,x
1000,0.02,,0.1,mse,0.49821187531787453,x
1000,0.02,,0.1,phase_mse,0.4980967446452404,x
1000,0.04,17.0,0.1,SE,0.50239767005628,x
1000,0.04,16.0,0.1,EP,0.4970124676486267,x
1000,0.04,,0.1,mse,0.4964376139168409,x
1000,0.04,,0.1,phase_mse,0.49634831070374685,x
1000,0.06,17.0,0.1,SE,0.5023438854151069,x
1000,0.06,20.0,0.1,EP,0.503040771758657,x
1000,0.06,,0.1,mse,0.4959458465032337,x
1000,0.06,,0.1,phase_mse,0.49453461899435497,x
1000,0.08,18.0,0.1,SE,0.5022877688109285,x
1000,0.08,16.0,0.1,EP,0.5002759285803532,x
1000,0.08,,0.1,mse,0.4755882566761447,x
1000,0.08,,0.1,phase_mse,0.4750933797276904,x
1000,0.1,18.0,0.1,SE,0.50222866686108,x
1000,0.1,17.0,0.1,EP,0.5030788950596544,x
1000,0.1,,0.1,mse,0.5129360950437598,x
1000,0.1,,0.1,phase_mse,0.5129302467267182,x
1000,0.12,19.0,0.1,SE,0.5021672214975438,x
1000,0.12,17.0,0.1,EP,0.5032274158142616,x
1000,0.12,,0.1,mse,0.5153862317922142,x
1000,0.12,,0.1,phase_mse,0.515368656809033,x
1000,0.14,19.0,0.1,SE,0.5021036124997861,x
1000,0.14,17.0,0.1,EP,0.5027832513424418,x
1000,0.14,,0.1,mse,0.5204295758002799,x
1000,0.14,,0.1,phase_mse,0.5199123044106086,x
1000,0.16,20.0,0.1,SE,0.5020355141345917,x
1000,0.16,17.0,0.1,EP,0.4973644287769518,x
1000,0.16,,0.1,mse,0.5355209162560627,x
1000,0.16,,0.1,phase_mse,0.5352000415070979,x
1000,0.18,20.0,0.1,SE,0.5019666614537843,x
1000,0.18,17.0,0.1,EP,0.48762441574393156,x
1000,0.18,,0.1,mse,0.5128674853313759,x
1000,0.18,,0.1,phase_mse,0.5128555063468646,x
1000,0.2,21.0,0.1,SE,0.501893130688844,x
1000,0.2,19.0,0.1,EP,0.491827254543855,x
1000,0.2,,0.1,mse,0.4681401923862596,x
1000,0.2,,0.1,phase_mse,0.4680984353502935,x
1000,0.22,21.0,0.1,SE,0.5018153600499814,x
1000,0.22,19.0,0.1,EP,0.5042473804643536,x
1000,0.22,,0.1,mse,0.5209782622722519,x
1000,0.22,,0.1,phase_mse,0.5200704440527188,x
1000,0.24,22.0,0.1,SE,0.5017337221555548,x
1000,0.24,21.0,0.1,EP,0.48812272234540016,x
1000,0.24,,0.1,mse,0.47520828861414394,x
1000,0.24,,0.1,phase_mse,0.474550251387701,x
1000,0.26,22.0,0.1,SE,0.5016506363914935,x
1000,0.26,19.0,0.1,EP,0.5035648230587704,x
1000,0.26,,0.1,mse,0.5301786153285959,x
1000,0.26,,0.1,phase_mse,0.5301718542485275,x
1000,0.28,23.0,0.1,SE,0.5015587978046616,x
1000,0.28,23.0,0.1,EP,0.5076729491299135,x
1000,0.28,,0.1,mse,0.5540225336392702,x
1000,0.28,,0.1,phase_mse,0.5516297501427043,x
1000,0.3,24.0,0.1,SE,0.5014686446738758,x
1000,0.3,31.0,0.1,EP,0.5063777199203419,x
1000,0.3,,0.1,mse,0.5627173254537865,x
1000,0.3,,0.1,phase_mse,0.5574453031457333,x
1000,0.32,24.0,0.1,SE,0.5013634313874593,x
1000,0.32,44.0,0.1,EP,0.5068062634919016,x
1000,0.32,,0.1,mse,0.5238985124100675,x
1000,0.32,,0.1,phase_mse,0.5227446713942758,x
1000,0.34,25.0,0.1,SE,0.5012645194213168,x
1000,0.34,23.0,0.1,EP,0.497466136637621,x
1000,0.34,,0.1,mse,0.5136178816149297,x
1000,0.34,,0.1,phase_mse,0.5134574710201623,x
1000,0.36,26.0,0.1,SE,0.5011530712365213,x
1000,0.36,19.0,0.1,EP,0.48763242334803425,x
1000,0.36,,0.1,mse,0.4941229625603652,x
1000,0.36,,0.1,phase_mse,0.49381127227141364,x
1000,0.38,26.0,0.1,SE,0.5010313507802329,x
1000,0.38,27.0,0.1,EP,0.5007305035467293,x
1000,0.38,,0.1,mse,0.4954754191556546,x
1000,0.38,,0.1,phase_mse,0.495466581875159,x
1000,0.4,27.0,0.1,SE,0.5009138654747408,x
1000,0.4,25.0,0.1,EP,0.47629351777246204,x
1000,0.4,,0.1,mse,0.44855747782373295,x
1000,0.4,,0.1,phase_mse,0.4468377787752309,x
1000,0.42,28.0,0.1,SE,0.500776510575396,x
1000,0.42,28.0,0.1,EP,0.4956349995585867,x
1000,0.42,,0.1,mse,0.47173953193360585,x
1000,0.42,,0.1,phase_mse,0.47152653751185303,x
1000,0.44,29.0,0.1,SE,0.5006334664238089,x
1000,0.44,40.0,0.1,EP,0.500209304035382,x
1000,0.44,,0.1,mse,0.4758207805792499,x
1000,0.44,,0.1,phase_mse,0.47538744199670113,x
1000,0.46,30.0,0.1,SE,0.5004867448278665,x
1000,0.46,26.0,0.1,EP,0.5088786531660497,x
1000,0.46,,0.1,mse,0.514206031002062,x
1000,0.46,,0.1,phase_mse,0.5117412209455081,x
1000,0.48,31.0,0.1,SE,0.5003293997482021,x
1000,0.48,40.0,0.1,EP,0.4836084742352347,x
1000,0.48,,0.1,mse,0.4957848712470778,x
1000,0.48,,0.1,phase_mse,0.49026614194176066,x
1000,0.5,32.0,0.1,SE,0.5001595453810637,x
1000,0.5,47.0,0.1,EP,0.5114302501879299,x
1000,0.5,,0.1,mse,0.4962170925007255,x
1000,0.5,,0.1,phase_mse,0.49430060213369115,x
1000,0.52,33.0,0.1,SE,0.49996940295938985,x
1000,0.52,37.0,0.1,EP,0.493251637943085,x
1000,0.52,,0.1,mse,0.4866330671247258,x
1000,0.52,,0.1,phase_mse,0.4827667102868613,x
1000,0.54,34.0,0.1,SE,0.4997794016242966,x
1000,0.54,37.0,0.1,EP,0.5077387995928603,x
1000,0.54,,0.1,mse,0.5157797675986787,x
1000,0.54,,0.1,phase_mse,0.5145557908244164,x
1000,0.56,36.0,0.1,SE,0.4995541354877386,x
1000,0.56,30.0,0.1,EP,0.4986332367159449,x
1000,0.56,,0.1,mse,0.46330372604549785,x
1000,0.56,,0.1,phase_mse,0.4631365594658514,x
1000,0.58,37.0,0.1,SE,0.4993306945072871,x
1000,0.58,36.0,0.1,EP,0.5113004060654349,x
1000,0.58,,0.1,mse,0.49443040876465366,x
1000,0.58,,0.1,phase_mse,0.4935617737332212,x
1000,0.6,38.0,0.1,SE,0.4990632454069249,x
1000,0.6,44.0,0.1,EP,0.5089824448625314,x
1000,0.6,,0.1,mse,0.5225800269979017,x
1000,0.6,,0.1,phase_mse,0.5160966273080444,x
1000,0.62,40.0,0.1,SE,0.49881664421557564,x
1000,0.62,57.0,0.1,EP,0.47536387931242874,x
1000,0.62,,0.1,mse,0.4405042285108817,x
1000,0.62,,0.1,phase_mse,0.4365938818227115,x
1000,0.64,42.0,0.1,SE,0.49850479324791663,x
1000,0.64,69.0,0.1,EP,0.4830730710436073,x
1000,0.64,,0.1,mse,0.4842803441724651,x
1000,0.64,,0.1,phase_mse,0.48197003195710175,x
1000,0.66,43.0,0.1,SE,0.49819271403063936,x
1000,0.66,54.0,0.1,EP,0.4805620928442866,x
1000,0.66,,0.1,mse,0.4913204460702458,x
1000,0.66,,0.1,phase_mse,0.49128221600464794,x
1000,0.68,45.0,0.1,SE,0.49782143180708827,x
1000,0.68,87.0,0.1,EP,0.5123208250806178,x
1000,0.68,,0.1,mse,0.5415362741771141,x
1000,0.68,,0.1,phase_mse,0.5175527975946348,x
1000,0.7000000000000001,47.0,0.1,SE,0.49744650404711677,x
1000,0.7000000000000001,52.0,0.1,EP,0.4976769739725612,x
1000,0.7000000000000001,,0.1,mse,0.5308518110609053,x
1000,0.7000000000000001,,0.1,phase_mse,0.5306580491966745,x
1000,0.72,50.0,0.1,SE,0.49700530472237575,x
1000,0.72,58.0,0.1,EP,0.46920415670243437,x
1000,0.72,,0.1,mse,0.4367054213485637,x
1000,0.72,,0.1,phase_mse,0.4306774405450077,x
1000,0.74,52.0,0.1,SE,0.496584585219514,x
1000,0.74,47.0,0.1,EP,0.48301070475454844,x
1000,0.74,,0.1,mse,0.4843224186971516,x
1000,0.74,,0.1,phase_mse,0.4828211124142122,x
1000,0.76,55.0,0.1,SE,0.49605353775575967,x
1000,0.76,37.0,0.1,EP,0.5046653001289659,x
1000,0.76,,0.1,mse,0.5312373876709596,x
1000,0.76,,0.1,phase_mse,0.5243736042999804,x
1000,0.78,57.0,0.1,SE,0.49548174345630003,x
1000,0.78,63.0,0.1,EP,0.4920144411912102,x
1000,0.78,,0.1,mse,0.4852832403806289,x
1000,0.78,,0.1,phase_mse,0.46465449294446404,x
1000,0.8,60.0,0.1,SE,0.4948726944860235,x
1000,0.8,74.0,0.1,EP,0.48299137509944573,x
1000,0.8,,0.1,mse,0.47789071379680814,x
1000,0.8,,0.1,phase_mse,0.4727024770948598,x
1000,0.8200000000000001,64.0,0.1,SE,0.49407001595532196,x
1000,0.8200000000000001,56.0,0.1,EP,0.5018991007182381,x
1000,0.8200000000000001,,0.1,mse,0.4761119367134994,x
1000,0.8200000000000001,,0.1,phase_mse,0.47267461708853215,x
1000,0.84,67.0,0.1,SE,0.4932472143415633,x
1000,0.84,59.0,0.1,EP,0.44724290246526516,x
1000,0.84,,0.1,mse,0.42593714317435866,x
1000,0.84,,0.1,phase_mse,0.41404076620125263,x
1000,0.86,71.0,0.1,SE,0.49240365851687035,x
1000,0.86,38.0,0.1,EP,0.48362744329370916,x
1000,0.86,,0.1,mse,0.5178557471762958,x
1000,0.86,,0.1,phase_mse,0.5142447962696882,x
1000,0.88,75.0,0.1,SE,0.4913454961526032,x
1000,0.88,41.0,0.1,EP,0.4767675149298365,x
1000,0.88,,0.1,mse,0.47844294116706854,x
1000,0.88,,0.1,phase_mse,0.4783977264285064,x
1000,0.9,79.0,0.1,SE,0.4902095327529612,x
1000,0.9,65.0,0.1,EP,0.48861843384759684,x
1000,0.9,,0.1,mse,0.49232344343133055,x
1000,0.9,,0.1,phase_mse,0.47846468134073267,x
1000,0.92,83.0,0.1,SE,0.4888711032562569,x
1000,0.92,97.0,0.1,EP,0.5053802506214514,x
1000,0.92,,0.1,mse,0.5393614806032428,x
1000,0.92,,0.1,phase_mse,0.518701645345181,x
1000,0.9400000000000001,87.0,0.1,SE,0.4875531821268726,x
1000,0.9400000000000001,107.0,0.1,EP,0.48199642365601697,x
1000,0.9400000000000001,,0.1,mse,0.4595005873198277,x
1000,0.9400000000000001,,0.1,phase_mse,0.4574475836696264,x
1000,0.96,91.0,0.1,SE,0.48572010407802924,x
1000,0.96,95.0,0.1,EP,0.47365557904983585,x
1000,0.96,,0.1,mse,0.4532700330433296,x
1000,0.96,,0.1,phase_mse,0.45303561233841266,x
1000,0.98,96.0,0.1,SE,0.48373560278848055,x
1000,0.98,98.0,0.1,EP,0.49187813937682817,x
1000,0.98,,0.1,mse,0.594004109342096,x
1000,0.98,,0.1,phase_mse,0.5767603062284076,x
1000,1.0,99.0,0.1,SE,0.48179600931177785,x
1000,1.0,131.0,0.1,EP,0.5002175560832444,x
1000,1.0,,0.1,mse,0.4734563952757597,x
1000,1.0,,0.1,phase_mse,0.4734563952757597,x
1000,1.02,103.0,0.1,SE,0.47945474725055826,x
1000,1.02,93.0,0.1,EP,0.4848615083126951,x
1000,1.02,,0.1,mse,0.5362697051840027,x
1000,1.02,,0.1,phase_mse,0.5337197709017688,x
1000,1.04,107.0,0.1,SE,0.4768222019895131,x
1000,1.04,80.0,0.1,EP,0.46616003391450817,x
1000,1.04,,0.1,mse,0.4749937402578924,x
1000,1.04,,0.1,phase_mse,0.47052611044044806,x
1000,1.06,110.0,0.1,SE,0.4738921954087168,x
1000,1.06,200.0,0.1,EP,0.48872213743542336,x
1000,1.06,,0.1,mse,0.5453931558546637,x
1000,1.06,,0.1,phase_mse,0.4979839121357108,x
1000,1.08,113.0,0.1,SE,0.47032388278732656,x
1000,1.08,200.0,0.1,EP,0.48680479314546143,x
1000,1.08,,0.1,mse,0.5047993388117381,x
1000,1.08,,0.1,phase_mse,0.4895836436291927,x
1000,1.1,116.0,0.1,SE,0.4669042024100982,x
1000,1.1,134.0,0.1,EP,0.4086886441982172,x
1000,1.1,,0.1,mse,0.4159774017048318,x
1000,1.1,,0.1,phase_mse,0.4159774017048318,x
1000,1.12,118.0,0.1,SE,0.4631193636426284,x
1000,1.12,84.0,0.1,EP,0.47634937343352496,x
1000,1.12,,0.1,mse,0.4950882694303484,x
1000,1.12,,0.1,phase_mse,0.4667442145972209,x
1000,1.1400000000000001,120.0,0.1,SE,0.45897485086799195,x
1000,1.1400000000000001,123.0,0.1,EP,0.5271519897498894,x
1000,1.1400000000000001,,0.1,mse,0.565328069033504,x
1000,1.1400000000000001,,0.1,phase_mse,0.5186074990629002,x
1000,1.16,122.0,0.1,SE,0.4543769991705335,x
1000,1.16,94.0,0.1,EP,0.4959913867028013,x
1000,1.16,,0.1,mse,0.5055504105441367,x
1000,1.16,,0.1,phase_mse,0.5023987922517774,x
1000,1.18,124.0,0.1,SE,0.4494684445271819,x
1000,1.18,200.0,0.1,EP,0.5021053900698002,x
1000,1.18,,0.1,mse,0.49663157432296257,x
1000,1.18,,0.1,phase_mse,0.4886602209848019,x
1000,1.2,125.0,0.1,SE,0.44369083551523053,x
1000,1.2,161.0,0.1,EP,0.44989209415956904,x
1000,1.2,,0.1,mse,0.7141079410265954,x
1000,1.2,,0.1,phase_mse,0.48038623592910396,x
1000,1.22,127.0,0.1,SE,0.43828148258862437,x
1000,1.22,200.0,0.1,EP,0.4568462156636052,x
1000,1.22,,0.1,mse,0.47727979908005225,x
1000,1.22,,0.1,phase_mse,0.4180178995711449,x
1000,1.24,129.0,0.1,SE,0.4320972025866788,x
1000,1.24,200.0,0.1,EP,0.44922018104517875,x
1000,1.24,,0.1,mse,0.4544711414016799,x
1000,1.24,,0.1,phase_mse,0.4172876848903635,x
1000,1.26,131.0,0.1,SE,0.42571391160256855,x
1000,1.26,200.0,0.1,EP,0.4802806527416777,x
1000,1.26,,0.1,mse,0.4992594722634925,x
1000,1.26,,0.1,phase_mse,0.45263860600634137,x
1000,1.28,133.0,0.1,SE,0.4179626578743798,x
1000,1.28,167.0,0.1,EP,0.4721101536180287,x
1000,1.28,,0.1,mse,0.4719791441466433,x
1000,1.28,,0.1,phase_mse,0.4710711958196922,x
1000,1.3,135.0,0.1,SE,0.4112203844712951,x
1000,1.3,189.0,0.1,EP,0.3510760046542916,x
1000,1.3,,0.1,mse,0.4012125972710697,x
1000,1.3,,0.1,phase_mse,0.38721382080656075,x
1000,1.32,138.0,0.1,SE,0.4026659004582166,x
1000,1.32,174.0,0.1,EP,0.42983438446435296,x
1000,1.32,,0.1,mse,0.41791591959854946,x
1000,1.32,,0.1,phase_mse,0.415350325511343,x
1000,1.34,141.0,0.1,SE,0.3934765328856978,x
1000,1.34,116.0,0.1,EP,0.38201159792092637,x
1000,1.34,,0.1,mse,0.36333820568478914,x
1000,1.34,,0.1,phase_mse,0.3609236230312437,x
1000,1.36,144.0,0.1,SE,0.38463862671951676,x
1000,1.36,121.0,0.1,EP,0.33251760813830955,x
1000,1.36,,0.1,mse,0.669230788157553,x
1000,1.36,,0.1,phase_mse,0.32163829689654516,x
1000,1.3800000000000001,148.0,0.1,SE,0.37444062922370497,x
1000,1.3800000000000001,98.0,0.1,EP,0.3860349575818582,x
1000,1.3800000000000001,,0.1,mse,0.455874151251782,x
1000,1.3800000000000001,,0.1,phase_mse,0.4132133226085375,x
1000,1.4000000000000001,152.0,0.1,SE,0.3631480238624243,x
1000,1.4000000000000001,147.0,0.1,EP,0.2744097122461559,x
1000,1.4000000000000001,,0.1,mse,0.2787032587425621,x
1000,1.4000000000000001,,0.1,phase_mse,0.2787032587425621,x
1000,1.42,157.0,0.1,SE,0.3508318694720147,x
1000,1.42,200.0,0.1,EP,0.4157643087391605,x
1000,1.42,,0.1,mse,0.4756316471418698,x
1000,1.42,,0.1,phase_mse,0.41462547451730836,x
1000,1.44,164.0,0.1,SE,0.3385838793590034,x
1000,1.44,200.0,0.1,EP,0.40594867305781,x
1000,1.44,,0.1,mse,0.5657777694276078,x
1000,1.44,,0.1,phase_mse,0.5654205510264887,x
1000,1.46,172.0,0.1,SE,0.3243592100229472,x
1000,1.46,200.0,0.1,EP,0.39185523659715826,x
1000,1.46,,0.1,mse,0.4188269342115479,x
1000,1.46,,0.1,phase_mse,0.41848011153576364,x
1000,1.48,181.0,0.1,SE,0.3087040772289538,x
1000,1.48,165.0,0.1,EP,0.289958357040755,x
1000,1.48,,0.1,mse,0.31487860436081544,x
1000,1.48,,0.1,phase_mse,0.3141027920375112,x
1000,1.5,195.0,0.1,SE,0.29126229814828336,x
1000,1.5,167.0,0.1,EP,0.2746314167974514,x
1000,1.5,,0.1,mse,0.8245898404556359,x
1000,1.5,,0.1,phase_mse,0.34174105358081547,x
1000,1.52,200.0,0.1,SE,0.27138690661610376,x
1000,1.52,200.0,0.1,EP,0.23509861427171755,x
1000,1.52,,0.1,mse,0.8376398011392173,x
1000,1.52,,0.1,phase_mse,0.22338121651326429,x
1000,1.54,200.0,0.1,SE,0.24865887728840821,x
1000,1.54,200.0,0.1,EP,0.21044406618980277,x
1000,1.54,,0.1,mse,0.2251762322536217,x
1000,1.54,,0.1,phase_mse,0.2251762322536217,x
1000,1.56,200.0,0.1,SE,0.22239998582553416,x
1000,1.56,200.0,0.1,EP,0.33971015603442445,x
1000,1.56,,0.1,mse,0.3236792460210032,x
1000,1.56,,0.1,phase_mse,0.32309739388114334,x
1000,1.58,200.0,0.1,SE,0.18111392009968247,x
1000,1.58,200.0,0.1,EP,0.24223528258005664,x
1000,1.58,,0.1,mse,0.19722817165470835,x
1000,1.58,,0.1,phase_mse,0.19722817165470835,x
1000,1.6,200.0,0.1,SE,0.09942714304099108,x
1000,1.6,200.0,0.1,EP,0.27067252036622347,x
1000,1.6,,0.1,mse,0.46990552278335646,x
1000,1.6,,0.1,phase_mse,0.43082823668849607,x
1000,1.62,200.0,0.1,SE,3.682452124224695e-06,x
1000,1.62,159.0,0.1,EP,1.378687572945648e-06,x
1000,1.62,,0.1,mse,1.007780324475446,x
1000,1.62,,0.1,phase_mse,0.0001272096302842941,x
1000,1.6400000000000001,163.0,0.1,SE,1.4180668039223278e-06,x
1000,1.6400000000000001,200.0,0.1,EP,0.16895744760581127,x
1000,1.6400000000000001,,0.1,mse,1.4365151182090181,x
1000,1.6400000000000001,,0.1,phase_mse,0.19056248928699673,x
1000,1.6600000000000001,141.0,0.1,SE,1.6131460156037134e-06,x
1000,1.6600000000000001,200.0,0.1,EP,0.2696311184097142,x
1000,1.6600000000000001,,0.1,mse,0.38006181434020064,x
1000,1.6600000000000001,,0.1,phase_mse,0.2688748126541161,x
1000,1.68,126.0,0.1,SE,1.5216405028199943e-06,x
1000,1.68,159.0,0.1,EP,1.155889039008547e-06,x
1000,1.68,,0.1,mse,1.0275035548347715,x
1000,1.68,,0.1,phase_mse,0.00013004226197061718,x
1000,1.7,116.0,0.1,SE,1.2624979196799493e-06,x
1000,1.7,105.0,0.1,EP,1.1674253601522405e-06,x
1000,1.7,,0.1,mse,6.815736526455016e-07,x
1000,1.7,,0.1,phase_mse,6.815736526454936e-07,x
1000,1.72,107.0,0.1,SE,1.428790660448954e-06,x
1000,1.72,98.0,0.1,EP,1.4521771822603153e-06,x
1000,1.72,,0.1,mse,9.364934336005147e-07,x
1000,1.72,,0.1,phase_mse,9.364934336005147e-07,x
1000,1.74,100.0,0.1,SE,1.4781820965726237e-06,x
1000,1.74,94.0,0.1,EP,1.0563413414958443e-06,x
1000,1.74,,0.1,mse,3.461267004754009e-07,x
1000,1.74,,0.1,phase_mse,3.4612670047540024e-07,x
1000,1.76,95.0,0.1,SE,1.1042280477622267e-06,x
1000,1.76,97.0,0.1,EP,9.846210704224793e-07,x
1000,1.76,,0.1,mse,1.0167611337315305,x
1000,1.76,,0.1,phase_mse,0.00012726773246509574,x
1000,1.78,90.0,0.1,SE,1.1450307770995882e-06,x
1000,1.78,82.0,0.1,EP,1.0599201187708776e-06,x
1000,1.78,,0.1,mse,3.199987082487527e-07,x
1000,1.78,,0.1,phase_mse,3.199987082487451e-07,x
1000,1.8,86.0,0.1,SE,1.059196125269391e-06,x
1000,1.8,99.0,0.1,EP,9.892985481801912e-07,x
1000,1.8,,0.1,mse,3.3852549216752534e-07,x
1000,1.8,,0.1,phase_mse,3.3852549216752534e-07,x
1000,1.82,82.0,0.1,SE,1.2125162587970524e-06,x
1000,1.82,77.0,0.1,EP,1.0421992335738812e-06,x
1000,1.82,,0.1,mse,1.0166793002916936,x
1000,1.82,,0.1,phase_mse,0.0001294088737115391,x
1000,1.84,79.0,0.1,SE,1.1234995662710305e-06,x
1000,1.84,72.0,0.1,EP,8.203094173034389e-07,x
1000,1.84,,0.1,mse,4.617080426505669e-07,x
1000,1.84,,0.1,phase_mse,4.6170804265054413e-07,x
1000,1.86,76.0,0.1,SE,1.1432084148004946e-06,x
1000,1.86,78.0,0.1,EP,7.836478780011086e-07,x
1000,1.86,,0.1,mse,1.0300105896032556,x
1000,1.86,,0.1,phase_mse,0.00013064150342490744,x
1000,1.8800000000000001,74.0,0.1,SE,8.272676676937331e-07,x
1000,1.8800000000000001,63.0,0.1,EP,7.063329219144716e-07,x
1000,1.8800000000000001,,0.1,mse,3.010320396621035e-07,x
1000,1.8800000000000001,,0.1,phase_mse,3.010320396620844e-07,x
1000,1.9000000000000001,71.0,0.1,SE,1.10194854605868e-06,x
1000,1.9000000000000001,80.0,0.1,EP,9.420113291822873e-07,x
1000,1.9000000000000001,,0.1,mse,2.002617673950508,x
1000,1.9000000000000001,,0.1,phase_mse,0.000503282888292272,x
1000,1.92,69.0,0.1,SE,1.0325182682292847e-06,x
1000,1.92,51.0,0.1,EP,8.719648767675134e-07,x
1000,1.92,,0.1,mse,2.747031229263935e-07,x
1000,1.92,,0.1,phase_mse,2.747031229263935e-07,x
1000,1.94,67.0,0.1,SE,1.029983457790604e-06,x
1000,1.94,52.0,0.1,EP,9.758741207899662e-07,x
1000,1.94,,0.1,mse,9.331266506993063e-07,x
1000,1.94,,0.1,phase_mse,9.331266506993063e-07,x
1000,1.96,66.0,0.1,SE,6.636650315488909e-07,x
1000,1.96,55.0,0.1,EP,9.428897207857437e-07,x
1000,1.96,,0.1,mse,1.0301635024447289,x
1000,1.96,,0.1,phase_mse,0.00013188621864391182,x
1000,1.98,64.0,0.1,SE,7.628330838304582e-07,x
1000,1.98,50.0,0.1,EP,7.854310678991029e-07,x
1000,1.98,,0.1,mse,2.2193975827886591e-07,x
1000,1.98,,0.1,phase_mse,2.2193975827886591e-07,x
1000,2.0,62.0,0.1,SE,9.475090370554639e-07,x
1000,2.0,57.0,0.1,EP,6.74011419388904e-07,x
1000,2.0,,0.1,mse,4.454114854029044e-07,x
1000,2.0,,0.1,phase_mse,4.4541148540286894e-07,x
1000,2.02,61.0,0.1,SE,7.401940979347969e-07,x
1000,2.02,69.0,0.1,EP,6.861444311042517e-07,x
1000,2.02,,0.1,mse,1.0220153357273627,x
1000,2.02,,0.1,phase_mse,0.00012499943636117114,x
1000,2.04,60.0,0.1,SE,6.010827776701127e-07,x
1000,2.04,49.0,0.1,EP,8.354997299066566e-07,x
1000,2.04,,0.1,mse,2.9930602712241255e-07,x
1000,2.04,,0.1,phase_mse,2.9930602712237285e-07,x
1000,2.06,58.0,0.1,SE,8.652968950390349e-07,x
1000,2.06,79.0,0.1,EP,3.39208651817373e-06,x
1000,2.06,,0.1,mse,0.0007572042318431114,x
1000,2.06,,0.1,phase_mse,0.0003422139116632451,x
1000,2.08,57.0,0.1,SE,7.799051458209694e-07,x
1000,2.08,48.0,0.1,EP,6.13376486549971e-07,x
1000,2.08,,0.1,mse,2.936669824278858e-07,x
1000,2.08,,0.1,phase_mse,2.936669824278858e-07,x
1000,2.1,56.0,0.1,SE,6.915279882782153e-07,x
1000,2.1,50.0,0.1,EP,7.943265811456134e-07,x
1000,2.1,,0.1,mse,3.400843532827275e-07,x
1000,2.1,,0.1,phase_mse,3.400843532827275e-07,x
1000,2.12,55.0,0.1,SE,6.70928326305622e-07,x
1000,2.12,73.0,0.1,EP,2.262967591420131e-06,x
1000,2.12,,0.1,mse,0.008233160764524279,x
1000,2.12,,0.1,phase_mse,5.459764259360808e-06,x
1000,2.14,54.0,0.1,SE,6.468698507735246e-07,x
1000,2.14,62.0,0.1,EP,2.093824984747037e-06,x
1000,2.14,,0.1,mse,1.0013610790094458,x
1000,2.14,,0.1,phase_mse,0.0005192691980621202,x
1000,2.16,53.0,0.1,SE,6.607383440729745e-07,x
1000,2.16,48.0,0.1,EP,7.771074176020129e-07,x
1000,2.16,,0.1,mse,9.15355703596339e-07,x
1000,2.16,,0.1,phase_mse,9.153557035961872e-07,x
1000,2.18,52.0,0.1,SE,6.818577810632799e-07,x
1000,2.18,42.0,0.1,EP,6.009055422236317e-07,x
1000,2.18,,0.1,mse,3.3025862269495673e-07,x
1000,2.18,,0.1,phase_mse,3.302586226948994e-07,x
1000,2.2,51.0,0.1,SE,7.29472919641953e-07,x
1000,2.2,40.0,0.1,EP,4.030549883741545e-07,x
1000,2.2,,0.1,mse,9.983433982607242e-08,x
1000,2.2,,0.1,phase_mse,9.983433982606766e-08,x
1000,2.22,51.0,0.1,SE,4.440590791317447e-07,x
1000,2.22,40.0,0.1,EP,5.513001053396815e-07,x
1000,2.22,,0.1,mse,7.702705508776093e-07,x
1000,2.22,,0.1,phase_mse,7.702705508776093e-07,x
1000,2.24,50.0,0.1,SE,5.035323996350342e-07,x
1000,2.24,45.0,0.1,EP,4.892105971002595e-07,x
1000,2.24,,0.1,mse,2.0543077845046535e-07,x
1000,2.24,,0.1,phase_mse,2.0543077845046535e-07,x
1000,2.2600000000000002,49.0,0.1,SE,5.757277232952352e-07,x
1000,2.2600000000000002,58.0,0.1,EP,1.5659769746134622e-06,x
1000,2.2600000000000002,,0.1,mse,0.10929042488639414,x
1000,2.2600000000000002,,0.1,phase_mse,0.0002340408662061837,x
1000,2.2800000000000002,49.0,0.1,SE,3.639656686701661e-07,x
1000,2.2800000000000002,57.0,0.1,EP,1.5724969731657367e-06,x
1000,2.2800000000000002,,0.1,mse,0.04298302519165415,x
1000,2.2800000000000002,,0.1,phase_mse,0.0003751214934608622,x
1000,2.3000000000000003,48.0,0.1,SE,4.288984543632136e-07,x
1000,2.3000000000000003,40.0,0.1,EP,6.028087943598196e-07,x
1000,2.3000000000000003,,0.1,mse,3.2626304670680346e-07,x
1000,2.3000000000000003,,0.1,phase_mse,3.262630467067136e-07,x
1000,2.32,47.0,0.1,SE,5.32644986476518e-07,x
1000,2.32,35.0,0.1,EP,5.200165878326141e-07,x
1000,2.32,,0.1,mse,1.3123532557779139e-07,x
1000,2.32,,0.1,phase_mse,1.312353255777859e-07,x
1000,2.34,47.0,0.1,SE,3.464809476645267e-07,x
1000,2.34,62.0,0.1,EP,1.1275518686609367e-06,x
1000,2.34,,0.1,mse,0.08480604487118609,x
1000,2.34,,0.1,phase_mse,0.0003508244390126254,x
1000,2.36,46.0,0.1,SE,4.4149636869248473e-07,x
1000,2.36,38.0,0.1,EP,3.6400561868949157e-07,x
1000,2.36,,0.1,mse,2.8518709371654844e-07,x
1000,2.36,,0.1,phase_mse,2.8518709371648057e-07,x
1000,2.38,45.0,0.1,SE,5.733334741523858e-07,x
1000,2.38,35.0,0.1,EP,4.306095173789835e-07,x
1000,2.38,,0.1,mse,1.4761846385862748e-07,x
1000,2.38,,0.1,phase_mse,1.4761846385862748e-07,x
1000,2.4,45.0,0.1,SE,3.9584562258313675e-07,x
1000,2.4,57.0,0.1,EP,1.2128401860120765e-06,x
1000,2.4,,0.1,mse,0.09313877524991529,x
1000,2.4,,0.1,phase_mse,4.9225525229457024e-05,x
1000,2.42,44.0,0.1,SE,5.328458128199223e-07,x
1000,2.42,34.0,0.1,EP,3.216130640814818e-07,x
1000,2.42,,0.1,mse,6.73236560472338e-08,x
1000,2.42,,0.1,phase_mse,6.732365604723186e-08,x
1000,2.44,44.0,0.1,SE,3.671545581839914e-07,x
1000,2.44,47.0,0.1,EP,8.383792818134091e-07,x
1000,2.44,,0.1,mse,0.0020258995687537328,x
1000,2.44,,0.1,phase_mse,1.379517712581802e-06,x
1000,2.46,43.0,0.1,SE,5.140556634383853e-07,x
1000,2.46,47.0,0.1,EP,1.0672196842543273e-06,x
1000,2.46,,0.1,mse,0.3872424619383045,x
1000,2.46,,0.1,phase_mse,0.00012885743596030455,x
1000,2.48,43.0,0.1,SE,3.607129821295735e-07,x
1000,2.48,33.0,0.1,EP,3.7938186505392846e-07,x
1000,2.48,,0.1,mse,1.0663013281466582e-07,x
1000,2.48,,0.1,phase_mse,1.0663013281466582e-07,x
1000,2.5,42.0,0.1,SE,5.184910327089638e-07,x
1000,2.5,33.0,0.1,EP,4.3840995647285246e-07,x
1000,2.5,,0.1,mse,0.9587423014746853,x
1000,2.5,,0.1,phase_mse,0.00011057529078182477,x
1000,2.52,42.0,0.1,SE,3.729538399942564e-07,x
1000,2.52,53.0,0.1,EP,1.0243852949909448e-06,x
1000,2.52,,0.1,mse,0.6104424302477596,x
1000,2.52,,0.1,phase_mse,0.0002448954992802893,x
1000,2.54,42.0,0.1,SE,2.654810053201971e-07,x
1000,2.54,47.0,0.1,EP,9.776367360730138e-07,x
1000,2.54,,0.1,mse,0.539107539884049,x
1000,2.54,,0.1,phase_mse,0.00034535471329674543,x
1000,2.56,41.0,0.1,SE,4.037481625940831e-07,x
1000,2.56,41.0,0.1,EP,9.562573479333463e-07,x
1000,2.56,,0.1,mse,0.10480845787357412,x
1000,2.56,,0.1,phase_mse,3.819030750786214e-05,x
1000,2.58,41.0,0.1,SE,2.955295542163543e-07,x
1000,2.58,31.0,0.1,EP,7.515266400573686e-07,x
1000,2.58,,0.1,mse,9.76692534407787e-06,x
1000,2.58,,0.1,phase_mse,9.766925344076867e-06,x
1000,2.6,40.0,0.1,SE,4.5795845131790713e-07,x
1000,2.6,43.0,0.1,EP,6.532679339439756e-07,x
1000,2.6,,0.1,mse,0.47878406879351154,x
1000,2.6,,0.1,phase_mse,0.00011303462590654137,x
1000,2.62,40.0,0.1,SE,3.3708403726978717e-07,x
1000,2.62,42.0,0.1,EP,9.555503428423655e-07,x
1000,2.62,,0.1,mse,0.12067392420307013,x
1000,2.62,,0.1,phase_mse,7.423868672914485e-05,x
1000,2.64,40.0,0.1,SE,2.5276535656892873e-07,x
1000,2.64,31.0,0.1,EP,2.449242279768371e-07,x
1000,2.64,,0.1,mse,3.755142951725719e-08,x
1000,2.64,,0.1,phase_mse,3.755142951725719e-08,x
1000,2.66,39.0,0.1,SE,4.0649322374582964e-07,x
1000,2.66,29.0,0.1,EP,3.9376957852890226e-07,x
1000,2.66,,0.1,mse,1.3170107070590157e-07,x
1000,2.66,,0.1,phase_mse,1.3170107070590157e-07,x
1000,2.68,39.0,0.1,SE,3.0674267687160026e-07,x
1000,2.68,39.0,0.1,EP,8.180296779362201e-07,x
1000,2.68,,0.1,mse,0.2545297308532693,x
1000,2.68,,0.1,phase_mse,0.0004997407694733751,x
1000,2.7,39.0,0.1,SE,2.3296026292552197e-07,x
1000,2.7,38.0,0.1,EP,6.637234143802206e-07,x
1000,2.7,,0.1,mse,0.030262289431455057,x
1000,2.7,,0.1,phase_mse,4.374841689826762e-06,x
1000,2.72,38.0,0.1,SE,3.872819896212982e-07,x
1000,2.72,29.0,0.1,EP,4.305266680934041e-07,x
1000,2.72,,0.1,mse,1.0367244394316854e-07,x
1000,2.72,,0.1,phase_mse,1.0367244394316854e-07,x
1000,2.74,38.0,0.1,SE,2.9850257338114973e-07,x
1000,2.74,30.0,0.1,EP,2.7499568040896065e-07,x
1000,2.74,,0.1,mse,5.390420230685023e-07,x
1000,2.74,,0.1,phase_mse,5.390420230683134e-07,x
1000,2.7600000000000002,38.0,0.1,SE,2.3016903150042908e-07,x
1000,2.7600000000000002,41.0,0.1,EP,7.620059316545183e-07,x
1000,2.7600000000000002,,0.1,mse,1.0634466115569376,x
1000,2.7600000000000002,,0.1,phase_mse,0.00016102210935577745,x
1000,2.7800000000000002,37.0,0.1,SE,3.9781469903192016e-07,x
1000,2.7800000000000002,27.0,0.1,EP,4.0747215250861333e-07,x
1000,2.7800000000000002,,0.1,mse,7.076876112451987e-08,x
1000,2.7800000000000002,,0.1,phase_mse,7.076876112451987e-08,x
1000,2.8000000000000003,37.0,0.1,SE,3.098753595852798e-07,x
1000,2.8000000000000003,36.0,0.1,EP,5.955191159502016e-07,x
1000,2.8000000000000003,,0.1,mse,0.036843068046104606,x
1000,2.8000000000000003,,0.1,phase_mse,0.00011280265665569187,x
1000,2.82,37.0,0.1,SE,2.4106876162883046e-07,x
1000,2.82,36.0,0.1,EP,7.087737428834744e-07,x
1000,2.82,,0.1,mse,0.22759455473647558,x
1000,2.82,,0.1,phase_mse,0.0004610701302863495,x
1000,2.84,37.0,0.1,SE,1.8882611936475757e-07,x
1000,2.84,31.0,0.1,EP,5.237372614328947e-07,x
1000,2.84,,0.1,mse,0.0002210432009280988,x
1000,2.84,,0.1,phase_mse,0.0002210432009280988,x
1000,2.86,36.0,0.1,SE,3.3995649342932587e-07,x
1000,2.86,30.0,0.1,EP,2.5669380547831664e-07,x
1000,2.86,,0.1,mse,1.0871041882905001e-07,x
1000,2.86,,0.1,phase_mse,1.087104188289916e-07,x
1000,2.88,36.0,0.1,SE,2.695147297388108e-07,x
1000,2.88,32.0,0.1,EP,6.3571137458412e-07,x
1000,2.88,,0.1,mse,0.006235215820067384,x
1000,2.88,,0.1,phase_mse,0.00016821046199496048,x
1000,2.9,36.0,0.1,SE,2.1274877158003348e-07,x
1000,2.9,34.0,0.1,EP,6.575105070078421e-07,x
1000,2.9,,0.1,mse,0.008602898639774306,x
1000,2.9,,0.1,phase_mse,6.78520453585177e-07,x
1000,2.92,36.0,0.1,SE,1.7022213884364905e-07,x
1000,2.92,34.0,0.1,EP,5.940218086183764e-07,x
1000,2.92,,0.1,mse,0.07944450960557786,x
1000,2.92,,0.1,phase_mse,0.00011900020347502373,x
1000,2.94,35.0,0.1,SE,3.183733185782999e-07,x
1000,2.94,33.0,0.1,EP,5.126176952692474e-07,x
1000,2.94,,0.1,mse,0.24021347484754188,x
1000,2.94,,0.1,phase_mse,4.285756689453629e-05,x
1000,2.96,35.0,0.1,SE,2.568718937907999e-07,x
1000,2.96,31.0,0.1,EP,4.450100163230941e-07,x
1000,2.96,,0.1,mse,0.005536366549350651,x
1000,2.96,,0.1,phase_mse,0.0003018928930769405,x
1000,2.98,35.0,0.1,SE,2.0646186912472562e-07,x
1000,2.98,33.0,0.1,EP,4.6807062046747257e-07,x
1000,2.98,,0.1,mse,0.19100907336080042,x
1000,2.98,,0.1,phase_mse,0.0005346823221655039,x
1000,3.0,35.0,0.1,SE,1.6581905266609982e-07,x
1000,3.0,36.0,0.1,EP,5.333271879318752e-07,x
1000,3.0,,0.1,mse,0.49265042380915175,x
1000,3.0,,0.1,phase_mse,0.00021279326259964957,x
1000,0.02,16.0,1.0,SE,0.7474264390008034,x
1000,0.02,16.0,1.0,EP,0.7478386408416736,x
1000,0.02,,1.0,mse,0.7546567979680349,x
1000,0.02,,1.0,phase_mse,0.7546567979680349,x
1000,0.04,17.0,1.0,SE,0.7448012785678427,x
1000,0.04,16.0,1.0,EP,0.7406628715970867,x
1000,0.04,,1.0,mse,0.7331475072507826,x
1000,0.04,,1.0,phase_mse,0.7322674325120391,x
1000,0.06,17.0,1.0,SE,0.7421199343352054,x
1000,0.06,16.0,1.0,EP,0.7415781645456941,x
1000,0.06,,1.0,mse,0.7569059898790681,x
1000,0.06,,1.0,phase_mse,0.7569059898790681,x
1000,0.08,18.0,1.0,SE,0.7393943152181829,x
1000,0.08,19.0,1.0,EP,0.7483582307427299,x
1000,0.08,,1.0,mse,0.7557519610845166,x
1000,0.08,,1.0,phase_mse,0.7557519610845166,x
1000,0.1,18.0,1.0,SE,0.7365871427444624,x
1000,0.1,16.0,1.0,EP,0.7292686660739479,x
1000,0.1,,1.0,mse,0.7255402033726269,x
1000,0.1,,1.0,phase_mse,0.7255402033726269,x
1000,0.12,18.0,1.0,SE,0.7337485920157591,x
1000,0.12,22.0,1.0,EP,0.7366020108395662,x
1000,0.12,,1.0,mse,0.7379594769380251,x
1000,0.12,,1.0,phase_mse,0.7379152569060144,x
1000,0.14,19.0,1.0,SE,0.7308168601468171,x
1000,0.14,20.0,1.0,EP,0.7232310561412277,x
1000,0.14,,1.0,mse,0.7001322950726525,x
1000,0.14,,1.0,phase_mse,0.6998375429139748,x
1000,0.16,19.0,1.0,SE,0.7278710259872994,x
1000,0.16,23.0,1.0,EP,0.7577607804302043,x
1000,0.16,,1.0,mse,0.7729502245391384,x
1000,0.16,,1.0,phase_mse,0.7729502245391384,x
1000,0.18,20.0,1.0,SE,0.7248086134560852,x
1000,0.18,24.0,1.0,EP,0.7417283851103283,x
1000,0.18,,1.0,mse,0.722870225540222,x
1000,0.18,,1.0,phase_mse,0.720971029602252,x
1000,0.2,20.0,1.0,SE,0.7217110961586328,x
1000,0.2,19.0,1.0,EP,0.7092356484831659,x
1000,0.2,,1.0,mse,0.7546701653602447,x
1000,0.2,,1.0,phase_mse,0.7545333002753762,x
1000,0.22,20.0,1.0,SE,0.7185122262999336,x
1000,0.22,24.0,1.0,EP,0.6884597437096138,x
1000,0.22,,1.0,mse,0.6876749079741348,x
1000,0.22,,1.0,phase_mse,0.6876749079741348,x
1000,0.24,21.0,1.0,SE,0.7152664469050376,x
1000,0.24,40.0,1.0,EP,0.6869957048777807,x
1000,0.24,,1.0,mse,0.7169505440473525,x
1000,0.24,,1.0,phase_mse,0.7169505440473525,x
1000,0.26,21.0,1.0,SE,0.7119879337049422,x
1000,0.26,18.0,1.0,EP,0.7155726095642131,x
1000,0.26,,1.0,mse,0.7287764014530057,x
1000,0.26,,1.0,phase_mse,0.7287764014530057,x
1000,0.28,22.0,1.0,SE,0.7086298265873127,x
1000,0.28,31.0,1.0,EP,0.7213057121678716,x
1000,0.28,,1.0,mse,0.730855308529178,x
1000,0.28,,1.0,phase_mse,0.7284719757136516,x
1000,0.3,22.0,1.0,SE,0.7051036831183148,x
1000,0.3,22.0,1.0,EP,0.6883251240184862,x
1000,0.3,,1.0,mse,0.715952489027458,x
1000,0.3,,1.0,phase_mse,0.7159524890274579,x
1000,0.32,23.0,1.0,SE,0.7015484124438243,x
1000,0.32,28.0,1.0,EP,0.6919424786990238,x
1000,0.32,,1.0,mse,0.651705756131574,x
1000,0.32,,1.0,phase_mse,0.6511568077226058,x
1000,0.34,23.0,1.0,SE,0.6979667606606256,x
1000,0.34,20.0,1.0,EP,0.6898182467000197,x
1000,0.34,,1.0,mse,0.6838678128599406,x
1000,0.34,,1.0,phase_mse,0.6838678128599406,x
1000,0.36,24.0,1.0,SE,0.6942587603568204,x
1000,0.36,23.0,1.0,EP,0.6798238748492879,x
1000,0.36,,1.0,mse,0.6885579420132083,x
1000,0.36,,1.0,phase_mse,0.6885579420132082,x
1000,0.38,24.0,1.0,SE,0.6904043983082832,x
1000,0.38,26.0,1.0,EP,0.6590439095847946,x
1000,0.38,,1.0,mse,0.6633754702169028,x
1000,0.38,,1.0,phase_mse,0.6630700940085601,x
1000,0.4,25.0,1.0,SE,0.6865424252173652,x
1000,0.4,21.0,1.0,EP,0.6894080351560383,x
1000,0.4,,1.0,mse,0.6614246194560754,x
1000,0.4,,1.0,phase_mse,0.6581958196793964,x
1000,0.42,25.0,1.0,SE,0.682556483779373,x
1000,0.42,22.0,1.0,EP,0.6672545770823259,x
1000,0.42,,1.0,mse,0.6606519477484828,x
1000,0.42,,1.0,phase_mse,0.6604633791667407,x
1000,0.44,26.0,1.0,SE,0.6784567148100487,x
1000,0.44,36.0,1.0,EP,0.6773061873140325,x
1000,0.44,,1.0,mse,0.6781828257329379,x
1000,0.44,,1.0,phase_mse,0.6781828257329379,x
1000,0.46,26.0,1.0,SE,0.67416728881142,x
1000,0.46,34.0,1.0,EP,0.6623981967329263,x
1000,0.46,,1.0,mse,0.6457113058704456,x
1000,0.46,,1.0,phase_mse,0.6455685594979766,x
1000,0.48,27.0,1.0,SE,0.6700571664192321,x
1000,0.48,29.0,1.0,EP,0.6751266953451303,x
1000,0.48,,1.0,mse,0.6644116208306886,x
1000,0.48,,1.0,phase_mse,0.6627919495431599,x
1000,0.5,27.0,1.0,SE,0.6657520679159863,x
1000,0.5,30.0,1.0,EP,0.6658290785228284,x
1000,0.5,,1.0,mse,0.6791614964599676,x
1000,0.5,,1.0,phase_mse,0.6788804231422104,x
1000,0.52,28.0,1.0,SE,0.6610733836069786,x
1000,0.52,26.0,1.0,EP,0.6580540003572323,x
1000,0.52,,1.0,mse,0.647074215450408,x
1000,0.52,,1.0,phase_mse,0.6469019909481605,x
1000,0.54,28.0,1.0,SE,0.6564907354805241,x
1000,0.54,47.0,1.0,EP,0.649251914627738,x
1000,0.54,,1.0,mse,0.6582164207678346,x
1000,0.54,,1.0,phase_mse,0.6578750454052492,x
1000,0.56,29.0,1.0,SE,0.6517600801286557,x
1000,0.56,37.0,1.0,EP,0.653091736936333,x
1000,0.56,,1.0,mse,0.676559319693591,x
1000,0.56,,1.0,phase_mse,0.6755604069989012,x
1000,0.58,30.0,1.0,SE,0.6469666162294858,x
1000,0.58,34.0,1.0,EP,0.6423525558591152,x
1000,0.58,,1.0,mse,0.676727094187484,x
1000,0.58,,1.0,phase_mse,0.6754683338687913,x
1000,0.6,30.0,1.0,SE,0.6419503578077043,x
1000,0.6,38.0,1.0,EP,0.6348288442704128,x
1000,0.6,,1.0,mse,0.644583229818594,x
1000,0.6,,1.0,phase_mse,0.644583229818594,x
1000,0.62,31.0,1.0,SE,0.6368058458516669,x
1000,0.62,37.0,1.0,EP,0.6487862251298984,x
1000,0.62,,1.0,mse,0.6816672416116346,x
1000,0.62,,1.0,phase_mse,0.6814215805088415,x
1000,0.64,32.0,1.0,SE,0.631594211151992,x
1000,0.64,36.0,1.0,EP,0.6319724408479543,x
1000,0.64,,1.0,mse,0.6245674591525401,x
1000,0.64,,1.0,phase_mse,0.6226119648041328,x
1000,0.66,32.0,1.0,SE,0.6263793660653064,x
1000,0.66,49.0,1.0,EP,0.6175248042179493,x
1000,0.66,,1.0,mse,0.6227002257392337,x
1000,0.66,,1.0,phase_mse,0.6210799527807335,x
1000,0.68,33.0,1.0,SE,0.6206973430476106,x
1000,0.68,35.0,1.0,EP,0.6039636409768332,x
1000,0.68,,1.0,mse,0.6162245704835655,x
1000,0.68,,1.0,phase_mse,0.6158445673311576,x
1000,0.7000000000000001,34.0,1.0,SE,0.6150949542033721,x
1000,0.7000000000000001,39.0,1.0,EP,0.6343523986834838,x
1000,0.7000000000000001,,1.0,mse,0.6258114691655449,x
1000,0.7000000000000001,,1.0,phase_mse,0.6251306871143545,x
1000,0.72,35.0,1.0,SE,0.6092244243905949,x
1000,0.72,40.0,1.0,EP,0.6224364901686045,x
1000,0.72,,1.0,mse,0.6246431735242258,x
1000,0.72,,1.0,phase_mse,0.6226277084478722,x
1000,0.74,35.0,1.0,SE,0.6033470550926803,x
1000,0.74,49.0,1.0,EP,0.5989832796385396,x
1000,0.74,,1.0,mse,0.6316797570864282,x
1000,0.74,,1.0,phase_mse,0.631070264623309,x
1000,0.76,36.0,1.0,SE,0.5971776612179723,x
1000,0.76,35.0,1.0,EP,0.5823688001263089,x
1000,0.76,,1.0,mse,0.6471751083307178,x
1000,0.76,,1.0,phase_mse,0.6435139738012695,x
1000,0.78,37.0,1.0,SE,0.5909354944939883,x
1000,0.78,42.0,1.0,EP,0.5592320804231383,x
1000,0.78,,1.0,mse,0.5461555604180699,x
1000,0.78,,1.0,phase_mse,0.5443798437721064,x
1000,0.8,38.0,1.0,SE,0.584338699849403,x
1000,0.8,42.0,1.0,EP,0.5739524639486501,x
1000,0.8,,1.0,mse,0.5659977855098445,x
1000,0.8,,1.0,phase_mse,0.5647456843583584,x
1000,0.8200000000000001,39.0,1.0,SE,0.5775742663974401,x
1000,0.8200000000000001,55.0,1.0,EP,0.5721703980269766,x
1000,0.8200000000000001,,1.0,mse,0.5346916600024777,x
1000,0.8200000000000001,,1.0,phase_mse,0.5345657356076583,x
1000,0.84,40.0,1.0,SE,0.5709574136618831,x
1000,0.84,42.0,1.0,EP,0.6043767343303353,x
1000,0.84,,1.0,mse,0.5848919708344349,x
1000,0.84,,1.0,phase_mse,0.5842787751301239,x
1000,0.86,41.0,1.0,SE,0.5639264271660804,x
1000,0.86,51.0,1.0,EP,0.5394456876123084,x
1000,0.86,,1.0,mse,0.5371552878387298,x
1000,0.86,,1.0,phase_mse,0.5371552878387298,x
1000,0.88,42.0,1.0,SE,0.5564484700956773,x
1000,0.88,36.0,1.0,EP,0.5550926715604585,x
1000,0.88,,1.0,mse,0.5676295688328951,x
1000,0.88,,1.0,phase_mse,0.5675152022757414,x
1000,0.9,43.0,1.0,SE,0.5488445941009552,x
1000,0.9,56.0,1.0,EP,0.5431012529823717,x
1000,0.9,,1.0,mse,0.548142260227328,x
1000,0.9,,1.0,phase_mse,0.548142260227328,x
1000,0.92,45.0,1.0,SE,0.5411917817849549,x
1000,0.92,61.0,1.0,EP,0.5363162749427456,x
1000,0.92,,1.0,mse,0.5230716786255637,x
1000,0.92,,1.0,phase_mse,0.5229346594828523,x
1000,0.9400000000000001,46.0,1.0,SE,0.5333083754329443,x
1000,0.9400000000000001,53.0,1.0,EP,0.536665167173427,x
1000,0.9400000000000001,,1.0,mse,0.4893581055130544,x
1000,0.9400000000000001,,1.0,phase_mse,0.4893581055130544,x
1000,0.96,47.0,1.0,SE,0.5247384506299819,x
1000,0.96,66.0,1.0,EP,0.48254580204653774,x
1000,0.96,,1.0,mse,0.4944348302714187,x
1000,0.96,,1.0,phase_mse,0.4915730710322945,x
1000,0.98,48.0,1.0,SE,0.5165285954303487,x
1000,0.98,47.0,1.0,EP,0.5089097142803354,x
1000,0.98,,1.0,mse,0.45058988457306837,x
1000,0.98,,1.0,phase_mse,0.45058988457306837,x
1000,1.0,50.0,1.0,SE,0.5073890142480072,x
1000,1.0,37.0,1.0,EP,0.5073842572865247,x
1000,1.0,,1.0,mse,0.5148189363763893,x
1000,1.0,,1.0,phase_mse,0.5127419321830913,x
1000,1.02,51.0,1.0,SE,0.4986311349412533,x
1000,1.02,56.0,1.0,EP,0.46608387917122535,x
1000,1.02,,1.0,mse,0.43543834777489077,x
1000,1.02,,1.0,phase_mse,0.4345501960605608,x
1000,1.04,53.0,1.0,SE,0.48894179728539683,x
1000,1.04,51.0,1.0,EP,0.4898152152584358,x
1000,1.04,,1.0,mse,0.533958723890166,x
1000,1.04,,1.0,phase_mse,0.533958723890166,x
1000,1.06,55.0,1.0,SE,0.4793263164027244,x
1000,1.06,67.0,1.0,EP,0.46045899340548624,x
1000,1.06,,1.0,mse,0.4975393193333415,x
1000,1.06,,1.0,phase_mse,0.4975393193333415,x
1000,1.08,57.0,1.0,SE,0.4693749349080019,x
1000,1.08,57.0,1.0,EP,0.4434930107061817,x
1000,1.08,,1.0,mse,0.4077500840812794,x
1000,1.08,,1.0,phase_mse,0.4077500840812794,x
1000,1.1,59.0,1.0,SE,0.45914655246579295,x
1000,1.1,101.0,1.0,EP,0.4556626639219945,x
1000,1.1,,1.0,mse,0.4592918942562509,x
1000,1.1,,1.0,phase_mse,0.45656403351596403,x
1000,1.12,61.0,1.0,SE,0.44814141944558705,x
1000,1.12,51.0,1.0,EP,0.4592432179049566,x
1000,1.12,,1.0,mse,0.46287541227401335,x
1000,1.12,,1.0,phase_mse,0.46287541227401335,x
1000,1.1400000000000001,63.0,1.0,SE,0.4374887311307807,x
1000,1.1400000000000001,65.0,1.0,EP,0.4974168260196994,x
1000,1.1400000000000001,,1.0,mse,0.5012630941633559,x
1000,1.1400000000000001,,1.0,phase_mse,0.500482187839454,x
1000,1.16,66.0,1.0,SE,0.4252968219096322,x
1000,1.16,120.0,1.0,EP,0.42161681031775095,x
1000,1.16,,1.0,mse,0.40388581549347613,x
1000,1.16,,1.0,phase_mse,0.4015514672499909,x
1000,1.18,69.0,1.0,SE,0.4129386508299116,x
1000,1.18,58.0,1.0,EP,0.41260672983284324,x
1000,1.18,,1.0,mse,0.3793268882950347,x
1000,1.18,,1.0,phase_mse,0.37813573080648416,x
1000,1.2,72.0,1.0,SE,0.4001020298695611,x
1000,1.2,130.0,1.0,EP,0.3713480778517343,x
1000,1.2,,1.0,mse,0.37921113839595366,x
1000,1.2,,1.0,phase_mse,0.37921113839595366,x
1000,1.22,76.0,1.0,SE,0.3868310897946618,x
1000,1.22,107.0,1.0,EP,0.4049045618524168,x
1000,1.22,,1.0,mse,0.4130773421343505,x
1000,1.22,,1.0,phase_mse,0.4130773421343505,x
1000,1.24,80.0,1.0,SE,0.3729037841265883,x
1000,1.24,103.0,1.0,EP,0.3774962414922826,x
1000,1.24,,1.0,mse,0.42162208812234137,x
1000,1.24,,1.0,phase_mse,0.4216220881223413,x
1000,1.26,85.0,1.0,SE,0.3580669873277843,x
1000,1.26,200.0,1.0,EP,0.38634642157136373,x
1000,1.26,,1.0,mse,0.39027152012110394,x
1000,1.26,,1.0,phase_mse,0.3899364204289811,x
1000,1.28,90.0,1.0,SE,0.34221295337098895,x
1000,1.28,71.0,1.0,EP,0.34531097029152313,x
1000,1.28,,1.0,mse,0.30128553838132194,x
1000,1.28,,1.0,phase_mse,0.30128553838132194,x
1000,1.3,97.0,1.0,SE,0.32623964486620693,x
1000,1.3,111.0,1.0,EP,0.37664421334779724,x
1000,1.3,,1.0,mse,0.3613531735079758,x
1000,1.3,,1.0,phase_mse,0.36135317350797574,x
1000,1.32,105.0,1.0,SE,0.3082125626467887,x
1000,1.32,69.0,1.0,EP,0.31726896201611027,x
1000,1.32,,1.0,mse,0.3792677634792782,x
1000,1.32,,1.0,phase_mse,0.37446629274622945,x
1000,1.34,115.0,1.0,SE,0.2884632205982427,x
1000,1.34,165.0,1.0,EP,0.18606908221397442,x
1000,1.34,,1.0,mse,0.20765891326758296,x
1000,1.34,,1.0,phase_mse,0.20765891326758293,x
1000,1.36,128.0,1.0,SE,0.2680855735225473,x
1000,1.36,153.0,1.0,EP,0.24327634042928856,x
1000,1.36,,1.0,mse,0.24068274724462976,x
1000,1.36,,1.0,phase_mse,0.24068274724462976,x
1000,1.3800000000000001,148.0,1.0,SE,0.2443031134268829,x
1000,1.3800000000000001,118.0,1.0,EP,0.17266411796530487,x
1000,1.3800000000000001,,1.0,mse,0.1648651474577286,x
1000,1.3800000000000001,,1.0,phase_mse,0.1648651474577286,x
1000,1.4000000000000001,181.0,1.0,SE,0.21697874050388827,x
1000,1.4000000000000001,136.0,1.0,EP,0.18138055764416763,x
1000,1.4000000000000001,,1.0,mse,0.17475767662673497,x
1000,1.4000000000000001,,1.0,phase_mse,0.17475767662673491,x
1000,1.42,200.0,1.0,SE,0.18158661374441787,x
1000,1.42,158.0,1.0,EP,2.432668704645775e-06,x
1000,1.42,,1.0,mse,1.739414160664371e-06,x
1000,1.42,,1.0,phase_mse,1.7394141606643569e-06,x
1000,1.44,200.0,1.0,SE,0.11644450680011244,x
1000,1.44,189.0,1.0,EP,0.2241173306453639,x
1000,1.44,,1.0,mse,0.220869277875285,x
1000,1.44,,1.0,phase_mse,0.220869277875285,x
1000,1.46,199.0,1.0,SE,2.3431157923939188e-06,x
1000,1.46,200.0,1.0,EP,0.1558443147985349,x
1000,1.46,,1.0,mse,0.15347949539016206,x
1000,1.46,,1.0,phase_mse,0.15347949539016206,x
1000,1.48,150.0,1.0,SE,2.4282108461839303e-06,x
1000,1.48,200.0,1.0,EP,0.2279499322995273,x
1000,1.48,,1.0,mse,0.20084568327687974,x
1000,1.48,,1.0,phase_mse,0.20084568327687974,x
1000,1.5,126.0,1.0,SE,2.0635476121230164e-06,x
1000,1.5,99.0,1.0,EP,1.6621955098986006e-06,x
1000,1.5,,1.0,mse,1.0982039636247336e-06,x
1000,1.5,,1.0,phase_mse,1.0982039636247285e-06,x
1000,1.52,110.0,1.0,SE,2.3279284996709097e-06,x
1000,1.52,104.0,1.0,EP,1.7170409303526957e-06,x
1000,1.52,,1.0,mse,5.841626569112785e-07,x
1000,1.52,,1.0,phase_mse,5.841626569112701e-07,x
1000,1.54,100.0,1.0,SE,1.695815392573638e-06,x
1000,1.54,82.0,1.0,EP,1.745908070169183e-06,x
1000,1.54,,1.0,mse,1.2970311934515e-06,x
1000,1.54,,1.0,phase_mse,1.2970311934515e-06,x
1000,1.56,91.0,1.0,SE,2.0367791942893086e-06,x
1000,1.56,86.0,1.0,EP,1.8107637924426861e-06,x
1000,1.56,,1.0,mse,5.608483927885475e-07,x
1000,1.56,,1.0,phase_mse,5.608483927885475e-07,x
1000,1.58,85.0,1.0,SE,1.605194487314658e-06,x
1000,1.58,90.0,1.0,EP,1.800121867551872e-06,x
1000,1.58,,1.0,mse,5.521450582812369e-07,x
1000,1.58,,1.0,phase_mse,5.521450582812177e-07,x
1000,1.6,79.0,1.0,SE,1.881386861983648e-06,x
1000,1.6,63.0,1.0,EP,1.2302529341224283e-06,x
1000,1.6,,1.0,mse,5.549249195588612e-07,x
1000,1.6,,1.0,phase_mse,5.549249195588612e-07,x
1000,1.62,75.0,1.0,SE,1.4924142779779755e-06,x
1000,1.62,71.0,1.0,EP,1.8831872376911437e-06,x
1000,1.62,,1.0,mse,1.0472709398972688e-06,x
1000,1.62,,1.0,phase_mse,1.0472709398972532e-06,x
1000,1.6400000000000001,71.0,1.0,SE,1.4857522996854878e-06,x
1000,1.6400000000000001,58.0,1.0,EP,1.5254177293664846e-06,x
1000,1.6400000000000001,,1.0,mse,8.212278197705486e-07,x
1000,1.6400000000000001,,1.0,phase_mse,8.212278197704976e-07,x
1000,1.6600000000000001,68.0,1.0,SE,1.2420443315315923e-06,x
1000,1.6600000000000001,55.0,1.0,EP,1.2789338693083538e-06,x
1000,1.6600000000000001,,1.0,mse,3.7351996555290923e-07,x
1000,1.6600000000000001,,1.0,phase_mse,3.7351996555290923e-07,x
1000,1.68,65.0,1.0,SE,1.2113498889749026e-06,x
1000,1.68,62.0,1.0,EP,1.2604650409547085e-06,x
1000,1.68,,1.0,mse,9.680368871218984e-07,x
1000,1.68,,1.0,phase_mse,9.680368871218984e-07,x
1000,1.7,62.0,1.0,SE,1.3333831054266205e-06,x
1000,1.7,49.0,1.0,EP,1.0184115822944284e-06,x
1000,1.7,,1.0,mse,5.783161796685491e-07,x
1000,1.7,,1.0,phase_mse,5.783161796685391e-07,x
1000,1.72,60.0,1.0,SE,1.1138237489042653e-06,x
1000,1.72,47.0,1.0,EP,1.2503089030961852e-06,x
1000,1.72,,1.0,mse,2.835741999180201e-07,x
1000,1.72,,1.0,phase_mse,2.83574199917996e-07,x
1000,1.74,58.0,1.0,SE,1.0142308281654965e-06,x
1000,1.74,51.0,1.0,EP,1.3567701990915724e-06,x
1000,1.74,,1.0,mse,8.766567901775078e-07,x
1000,1.74,,1.0,phase_mse,8.76656790177446e-07,x
1000,1.76,56.0,1.0,SE,1.006301465268566e-06,x
1000,1.76,45.0,1.0,EP,1.2619900136356362e-06,x
1000,1.76,,1.0,mse,4.1524883702851354e-07,x
1000,1.76,,1.0,phase_mse,4.1524883702851354e-07,x
1000,1.78,54.0,1.0,SE,1.07008278340658e-06,x
1000,1.78,45.0,1.0,EP,1.0756642558502654e-06,x
1000,1.78,,1.0,mse,9.63814684890151e-07,x
1000,1.78,,1.0,phase_mse,9.638146848901254e-07,x
1000,1.8,52.0,1.0,SE,1.2141835308951748e-06,x
1000,1.8,47.0,1.0,EP,8.591761969068089e-07,x
1000,1.8,,1.0,mse,4.293920514243905e-07,x
1000,1.8,,1.0,phase_mse,4.293920514243776e-07,x
1000,1.82,51.0,1.0,SE,9.493940881813049e-07,x
1000,1.82,47.0,1.0,EP,1.1464575620370945e-06,x
1000,1.82,,1.0,mse,5.455675549060996e-07,x
1000,1.82,,1.0,phase_mse,5.455675549060996e-07,x
1000,1.84,49.0,1.0,SE,1.211701408198664e-06,x
1000,1.84,45.0,1.0,EP,9.751311652338553e-07,x
1000,1.84,,1.0,mse,3.459699762972805e-07,x
1000,1.84,,1.0,phase_mse,3.459699762972514e-07,x
1000,1.86,48.0,1.0,SE,1.0318046868125317e-06,x
1000,1.86,44.0,1.0,EP,9.790445200538935e-07,x
1000,1.86,,1.0,mse,9.841511157296774e-07,x
1000,1.86,,1.0,phase_mse,9.841511157296774e-07,x
1000,1.8800000000000001,47.0,1.0,SE,9.156536082026887e-07,x
1000,1.8800000000000001,42.0,1.0,EP,7.293452425762365e-07,x
1000,1.8800000000000001,,1.0,mse,2.0806805412376778e-07,x
1000,1.8800000000000001,,1.0,phase_mse,2.0806805412376575e-07,x
1000,1.9000000000000001,46.0,1.0,SE,8.389526068562202e-07,x
1000,1.9000000000000001,43.0,1.0,EP,9.465424142606671e-07,x
1000,1.9000000000000001,,1.0,mse,2.1874122791324016e-07,x
1000,1.9000000000000001,,1.0,phase_mse,2.1874122791324016e-07,x
1000,1.92,45.0,1.0,SE,7.975086424897708e-07,x
1000,1.92,38.0,1.0,EP,7.147672019417914e-07,x
1000,1.92,,1.0,mse,4.6370225658880027e-07,x
1000,1.92,,1.0,phase_mse,4.6370225658880027e-07,x
1000,1.94,44.0,1.0,SE,7.80122246727677e-07,x
1000,1.94,38.0,1.0,EP,9.180902485085425e-07,x
1000,1.94,,1.0,mse,3.4962247921735794e-07,x
1000,1.94,,1.0,phase_mse,3.496224792173476e-07,x
1000,1.96,43.0,1.0,SE,7.857471572755908e-07,x
1000,1.96,37.0,1.0,EP,6.644070951696976e-07,x
1000,1.96,,1.0,mse,2.0941333697083462e-07,x
1000,1.96,,1.0,phase_mse,2.0941333697083462e-07,x
1000,1.98,42.0,1.0,SE,8.136891476048678e-07,x
1000,1.98,39.0,1.0,EP,6.747100251335981e-07,x
1000,1.98,,1.0,mse,1.840109796141255e-07,x
1000,1.98,,1.0,phase_mse,1.840109796141255e-07,x
1000,2.0,41.0,1.0,SE,8.685040427576822e-07,x
1000,2.0,37.0,1.0,EP,6.058250522966306e-07,x
1000,2.0,,1.0,mse,1.8806824926060135e-07,x
1000,2.0,,1.0,phase_mse,1.8806824926057724e-07,x
1000,2.02,41.0,1.0,SE,5.603328460979883e-07,x
1000,2.02,35.0,1.0,EP,7.986599726149384e-07,x
1000,2.02,,1.0,mse,1.8356812689772546e-07,x
1000,2.02,,1.0,phase_mse,1.8356812689772213e-07,x
1000,2.04,40.0,1.0,SE,6.238861211070098e-07,x
1000,2.04,34.0,1.0,EP,7.364018222557744e-07,x
1000,2.04,,1.0,mse,2.8645002453826875e-07,x
1000,2.04,,1.0,phase_mse,2.8645002453822804e-07,x
1000,2.06,39.0,1.0,SE,7.131791648258835e-07,x
1000,2.06,35.0,1.0,EP,7.053805981840955e-07,x
1000,2.06,,1.0,mse,2.1329490066793086e-07,x
1000,2.06,,1.0,phase_mse,2.1329490066793086e-07,x
1000,2.08,38.0,1.0,SE,8.362671561974472e-07,x
1000,2.08,34.0,1.0,EP,8.461650215222599e-07,x
1000,2.08,,1.0,mse,2.5469516233008524e-07,x
1000,2.08,,1.0,phase_mse,2.5469516233008524e-07,x
1000,2.1,38.0,1.0,SE,5.706263597056599e-07,x
1000,2.1,34.0,1.0,EP,5.473369949687617e-07,x
1000,2.1,,1.0,mse,1.9419857875179254e-07,x
1000,2.1,,1.0,phase_mse,1.941985787517777e-07,x
1000,2.12,37.0,1.0,SE,6.946382560514049e-07,x
1000,2.12,33.0,1.0,EP,5.516031654066391e-07,x
1000,2.12,,1.0,mse,2.500852538598662e-07,x
1000,2.12,,1.0,phase_mse,2.500852538598557e-07,x
1000,2.14,37.0,1.0,SE,4.842028708477801e-07,x
1000,2.14,33.0,1.0,EP,5.119832299845271e-07,x
1000,2.14,,1.0,mse,1.2318913485623208e-07,x
1000,2.14,,1.0,phase_mse,1.2318913485623208e-07,x
1000,2.16,36.0,1.0,SE,6.12780021800756e-07,x
1000,2.16,32.0,1.0,EP,8.118659355590632e-07,x
1000,2.16,,1.0,mse,2.979849370278251e-07,x
1000,2.16,,1.0,phase_mse,2.979849370278251e-07,x
1000,2.18,36.0,1.0,SE,4.360983288948586e-07,x
1000,2.18,30.0,1.0,EP,7.195243690783652e-07,x
1000,2.18,,1.0,mse,1.9646255007480514e-07,x
1000,2.18,,1.0,phase_mse,1.9646255007478204e-07,x
1000,2.2,35.0,1.0,SE,5.708242587604451e-07,x
1000,2.2,30.0,1.0,EP,5.06233643211917e-07,x
1000,2.2,,1.0,mse,2.031997141126191e-07,x
1000,2.2,,1.0,phase_mse,2.031997141126191e-07,x
1000,2.22,35.0,1.0,SE,4.1316701327949e-07,x
1000,2.22,30.0,1.0,EP,5.52682113273973e-07,x
1000,2.22,,1.0,mse,1.885485804793134e-07,x
1000,2.22,,1.0,phase_mse,1.885485804793134e-07,x
1000,2.24,34.0,1.0,SE,5.585863524949489e-07,x
1000,2.24,30.0,1.0,EP,4.117184900295868e-07,x
1000,2.24,,1.0,mse,1.32543352408e-07,x
1000,2.24,,1.0,phase_mse,1.3254335240799785e-07,x
1000,2.2600000000000002,34.0,1.0,SE,4.1182724593884403e-07,x
1000,2.2600000000000002,29.0,1.0,EP,3.8775590122324017e-07,x
1000,2.2600000000000002,,1.0,mse,6.771250334169644e-08,x
1000,2.2600000000000002,,1.0,phase_mse,6.771250334169403e-08,x
1000,2.2800000000000002,33.0,1.0,SE,5.742067835885191e-07,x
1000,2.2800000000000002,29.0,1.0,EP,5.307878432321686e-07,x
1000,2.2800000000000002,,1.0,mse,1.4284966162951915e-07,x
1000,2.2800000000000002,,1.0,phase_mse,1.4284966162951168e-07,x
1000,2.3000000000000003,33.0,1.0,SE,4.3058304657683237e-07,x
1000,2.3000000000000003,30.0,1.0,EP,4.051507938912973e-07,x
1000,2.3000000000000003,,1.0,mse,7.460478026575172e-08,x
1000,2.3000000000000003,,1.0,phase_mse,7.460478026574838e-08,x
1000,2.32,32.0,1.0,SE,6.188379776536653e-07,x
1000,2.32,28.0,1.0,EP,4.26107125313326e-07,x
1000,2.32,,1.0,mse,9.155776134034828e-08,x
1000,2.32,,1.0,phase_mse,9.155776134034279e-08,x
1000,2.34,32.0,1.0,SE,4.7150042396043807e-07,x
1000,2.34,28.0,1.0,EP,4.2550486200131756e-07,x
1000,2.34,,1.0,mse,1.948463415911574e-07,x
1000,2.34,,1.0,phase_mse,1.948463415911574e-07,x
1000,2.36,32.0,1.0,SE,3.597671477168202e-07,x
1000,2.36,28.0,1.0,EP,4.323678746822568e-07,x
1000,2.36,,1.0,mse,1.572942647070985e-07,x
1000,2.36,,1.0,phase_mse,1.572942647070985e-07,x
1000,2.38,31.0,1.0,SE,5.385110732095924e-07,x
1000,2.38,28.0,1.0,EP,4.37487500590405e-07,x
1000,2.38,,1.0,mse,1.360514277325861e-07,x
1000,2.38,,1.0,phase_mse,1.3605142773257714e-07,x
1000,2.4,31.0,1.0,SE,4.166478114021916e-07,x
1000,2.4,27.0,1.0,EP,3.5362385638608537e-07,x
1000,2.4,,1.0,mse,9.005192977540832e-08,x
1000,2.4,,1.0,phase_mse,9.005192977538587e-08,x
1000,2.42,31.0,1.0,SE,3.2358649478185566e-07,x
1000,2.42,27.0,1.0,EP,4.0134121991641304e-07,x
1000,2.42,,1.0,mse,5.934035584402027e-08,x
1000,2.42,,1.0,phase_mse,5.934035584402027e-08,x
1000,2.44,30.0,1.0,SE,5.039971680203408e-07,x
1000,2.44,27.0,1.0,EP,3.096371952443853e-07,x
1000,2.44,,1.0,mse,8.149103778495888e-08,x
1000,2.44,,1.0,phase_mse,8.149103778495888e-08,x
1000,2.46,30.0,1.0,SE,3.9673991138528896e-07,x
1000,2.46,26.0,1.0,EP,5.237197083072034e-07,x
1000,2.46,,1.0,mse,1.2867763903268912e-07,x
1000,2.46,,1.0,phase_mse,1.286776390326291e-07,x
1000,2.48,30.0,1.0,SE,3.12840045905205e-07,x
1000,2.48,26.0,1.0,EP,4.1107176574746024e-07,x
1000,2.48,,1.0,mse,4.3537679075028414e-08,x
1000,2.48,,1.0,phase_mse,4.3537679075018806e-08,x
1000,2.5,29.0,1.0,SE,5.052412084121737e-07,x
1000,2.5,26.0,1.0,EP,3.9468468729239285e-07,x
1000,2.5,,1.0,mse,1.2150892971330125e-07,x
1000,2.5,,1.0,phase_mse,1.2150892971330125e-07,x
1000,2.52,29.0,1.0,SE,4.033955385304375e-07,x
1000,2.52,25.0,1.0,EP,4.060243250865426e-07,x
1000,2.52,,1.0,mse,1.3516067837435013e-07,x
1000,2.52,,1.0,phase_mse,1.3516067837435013e-07,x
1000,2.54,29.0,1.0,SE,3.2258631938016217e-07,x
1000,2.54,26.0,1.0,EP,3.14914001701332e-07,x
1000,2.54,,1.0,mse,9.278909559705507e-08,x
1000,2.54,,1.0,phase_mse,9.278909559704306e-08,x
1000,2.56,29.0,1.0,SE,2.587826739334834e-07,x
1000,2.56,25.0,1.0,EP,2.6764486143213703e-07,x
1000,2.56,,1.0,mse,4.053275073016534e-08,x
1000,2.56,,1.0,phase_mse,4.053275073016534e-08,x
1000,2.58,28.0,1.0,SE,4.375505863691605e-07,x
1000,2.58,25.0,1.0,EP,2.3991723777887e-07,x
1000,2.58,,1.0,mse,7.923406008194419e-08,x
1000,2.58,,1.0,phase_mse,7.923406008189337e-08,x
1000,2.6,28.0,1.0,SE,3.551359055236583e-07,x
1000,2.6,25.0,1.0,EP,3.1734156257716164e-07,x
1000,2.6,,1.0,mse,8.853450814313911e-08,x
1000,2.6,,1.0,phase_mse,8.853450814308153e-08,x
1000,2.62,28.0,1.0,SE,2.887217968317526e-07,x
1000,2.62,28.0,1.0,EP,7.507690887394018e-07,x
1000,2.62,,1.0,mse,0.0001164402613228809,x
1000,2.62,,1.0,phase_mse,0.0001164402613228809,x
1000,2.64,28.0,1.0,SE,2.3464611995033428e-07,x
1000,2.64,25.0,1.0,EP,3.826290895861641e-07,x
1000,2.64,,1.0,mse,3.3979557165011027e-07,x
1000,2.64,,1.0,phase_mse,3.397955716499245e-07,x
1000,2.66,27.0,1.0,SE,4.1406931076042207e-07,x
1000,2.66,24.0,1.0,EP,4.2185226402120265e-07,x
1000,2.66,,1.0,mse,1.7976420173640481e-07,x
1000,2.66,,1.0,phase_mse,1.797642017363626e-07,x
1000,2.68,27.0,1.0,SE,3.4149754711433137e-07,x
1000,2.68,24.0,1.0,EP,2.563031142584398e-07,x
1000,2.68,,1.0,mse,5.59408978850407e-08,x
1000,2.68,,1.0,phase_mse,5.59408978850407e-08,x
1000,2.7,27.0,1.0,SE,2.813696561120065e-07,x
1000,2.7,25.0,1.0,EP,4.5200094294470093e-07,x
1000,2.7,,1.0,mse,9.800415864639751e-06,x
1000,2.7,,1.0,phase_mse,9.800415864638364e-06,x
1000,2.72,27.0,1.0,SE,2.3246875702641626e-07,x
1000,2.72,23.0,1.0,EP,2.000749676216758e-07,x
1000,2.72,,1.0,mse,1.0776160286829882e-07,x
1000,2.72,,1.0,phase_mse,1.0776160286822553e-07,x
1000,2.74,27.0,1.0,SE,1.9246341310452782e-07,x
1000,2.74,23.0,1.0,EP,2.705788143328187e-07,x
1000,2.74,,1.0,mse,2.089912880551344e-07,x
1000,2.74,,1.0,phase_mse,2.089912880551344e-07,x
1000,2.7600000000000002,26.0,1.0,SE,3.5610049292502663e-07,x
1000,2.7600000000000002,23.0,1.0,EP,2.479610852692269e-07,x
1000,2.7600000000000002,,1.0,mse,1.609291223139696e-07,x
1000,2.7600000000000002,,1.0,phase_mse,1.609291223139696e-07,x
1000,2.7800000000000002,26.0,1.0,SE,2.980262675775369e-07,x
1000,2.7800000000000002,23.0,1.0,EP,2.1755036603596186e-07,x
1000,2.7800000000000002,,1.0,mse,1.5329892885253356e-07,x
1000,2.7800000000000002,,1.0,phase_mse,1.5329892885242543e-07,x
1000,2.8000000000000003,26.0,1.0,SE,2.4951789593338114e-07,x
1000,2.8000000000000003,22.0,1.0,EP,3.5339686973617227e-07,x
1000,2.8000000000000003,,1.0,mse,4.968912728283147e-08,x
1000,2.8000000000000003,,1.0,phase_mse,4.968912728283147e-08,x
1000,2.82,26.0,1.0,SE,2.0916112420040805e-07,x
1000,2.82,22.0,1.0,EP,2.3771746939509266e-07,x
1000,2.82,,1.0,mse,4.4778916185274084e-08,x
1000,2.82,,1.0,phase_mse,4.4778916185274084e-08,x
1000,2.84,26.0,1.0,SE,1.755061946750431e-07,x
1000,2.84,22.0,1.0,EP,2.6163158478049864e-07,x
1000,2.84,,1.0,mse,3.5058261613657076e-08,x
1000,2.84,,1.0,phase_mse,3.505826161363293e-08,x
1000,2.86,25.0,1.0,SE,3.4042252384332815e-07,x
1000,2.86,22.0,1.0,EP,3.4548339822697697e-07,x
1000,2.86,,1.0,mse,3.759928141747617e-07,x
1000,2.86,,1.0,phase_mse,3.759928141747617e-07,x
1000,2.88,25.0,1.0,SE,2.887084185649091e-07,x
1000,2.88,21.0,1.0,EP,3.2561884912494015e-07,x
1000,2.88,,1.0,mse,9.000963855018311e-08,x
1000,2.88,,1.0,phase_mse,9.000963855012559e-08,x
1000,2.9,25.0,1.0,SE,2.451387881183027e-07,x
1000,2.9,22.0,1.0,EP,1.729922336232297e-07,x
1000,2.9,,1.0,mse,4.76791632383173e-08,x
1000,2.9,,1.0,phase_mse,4.76791632383173e-08,x
1000,2.92,25.0,1.0,SE,2.0819251483245503e-07,x
1000,2.92,22.0,1.0,EP,1.737847644645572e-07,x
1000,2.92,,1.0,mse,8.929135339735058e-08,x
1000,2.92,,1.0,phase_mse,8.929135339726249e-08,x
1000,2.94,25.0,1.0,SE,1.7722698061783336e-07,x
1000,2.94,22.0,1.0,EP,2.5322665177384086e-07,x
1000,2.94,,1.0,mse,8.176640607210238e-07,x
1000,2.94,,1.0,phase_mse,8.176640607206729e-07,x
1000,2.96,25.0,1.0,SE,1.5079152681691332e-07,x
1000,2.96,22.0,1.0,EP,1.6858727039707907e-07,x
1000,2.96,,1.0,mse,3.3751879322282584e-08,x
1000,2.96,,1.0,phase_mse,3.3751879322282584e-08,x
1000,2.98,24.0,1.0,SE,3.0831414952425617e-07,x
1000,2.98,21.0,1.0,EP,2.605109413632974e-07,x
1000,2.98,,1.0,mse,4.149246405189087e-08,x
1000,2.98,,1.0,phase_mse,4.149246405189087e-08,x
1000,3.0,24.0,1.0,SE,2.6487218911274116e-07,x
1000,3.0,21.0,1.0,EP,3.386173748032821e-07,x
1000,3.0,,1.0,mse,3.9418133371527657e-07,x
1000,3.0,,1.0,phase_mse,3.9418133371527657e-07,x
